{"y":[1.224124,1.224124,1.226165,1.228452,1.230996,1.233771,1.236736,1.239845,1.243053,1.246323,1.249622,1.252926,1.256216,1.259477,1.262698,1.265871,1.268993,1.272059,1.275067,1.278017,1.280909,1.283742,1.286517,1.289235,1.291896,1.294503,1.297055,1.299555,1.302002,1.304398],"ch":[0.532494,0.510153,0.496612,0.489077,0.485513,0.484473,0.484957,0.486298,0.488061,0.489976,0.491885,0.493701,0.495384,0.496923,0.498321,0.499592,0.500751,0.501814,0.502797,0.503714,0.504575,0.505391,0.506169,0.506914,0.507632,0.508326,0.508998,0.509652,0.510288,0.510907],"k":[1.395000,1.396169,1.398163,1.401000,1.404609,1.408878,1.413685,1.418912,1.424458,1.430234,1.436171,1.442212,1.448314,1.454443,1.460573,1.466685,1.472764,1.478800,1.484785,1.490713,1.496580,1.502382,1.508117,1.513784,1.519381,1.524906,1.530360,1.535741,1.541049,1.546284],"s":[0.294000,0.298431,0.302930,0.307511,0.312161,0.316853,0.321558,0.326247,0.330896,0.335485,0.339997,0.344422,0.348750,0.352977,0.357099,0.361114,0.365023,0.368826,0.372524,0.376119,0.379614,0.383010,0.386312,0.389520,0.392637,0.395667,0.398612,0.401474,0.404256,0.406960],"f":[-0.160360,-0.148654,-0.147363,-0.135909,-0.119883,-0.102702,-0.086316,-0.071715,-0.059279,-0.049030,-0.040791,-0.034299,-0.029262,-0.025400,-0.022464,-0.020243,-0.018563,-0.017285,-0.016301,-0.015531,-0.014911,-0.014399,-0.013960,-0.013572,-0.013219,-0.012890,-0.012578,-0.012279,-0.011989,-0.011706],"ynon":[0.811124,0.811124,0.813165,0.815452,0.817996,0.820771,0.823736,0.826845,0.830053,0.833323,0.836622,0.839926,0.843216,0.846477,0.849698,0.852871,0.855993,0.859059,0.862067,0.865017,0.867909,0.870742,0.873517,0.876235,0.878896,0.881503,0.884055,0.886555,0.889002,0.891398],"invk":[0.191943,0.325054,0.327463,0.330109,0.332766,0.335311,0.337691,0.339892,0.341922,0.343802,0.345552,0.347193,0.348745,0.350223,0.351641,0.353009,0.354335,0.355626,0.356887,0.358121,0.359331,0.360518,0.361684,0.362830,0.363956,0.365064,0.366153,0.367223,0.368276,0.369310],"invs":[0.106744,0.079358,0.080557,0.081808,0.083044,0.084227,0.085344,0.086390,0.087368,0.088284,0.089146,0.089959,0.090731,0.091467,0.092171,0.092846,0.093496,0.094123,0.094730,0.095317,0.095886,0.096439,0.096975,0.097496,0.098002,0.098494,0.098973,0.099438,0.099891,0.100331],"r":[0.065224,0.066806,0.066688,0.065659,0.064255,0.062796,0.061449,0.060283,0.059315,0.058534,0.057917,0.057437,0.057069,0.056790,0.056578,0.056419,0.056299,0.056209,0.056139,0.056084,0.056040,0.056004,0.055973,0.055946,0.055921,0.055898,0.055876,0.055854,0.055834,0.055814],"tb":[0.177473,-0.014660,0.005720,0.016206,0.020474,0.021050,0.019612,0.017228,0.014546,0.011935,0.009585,0.007574,0.005915,0.004583,0.003539,0.002736,0.002129,0.001678,0.001346,0.001106,0.000934,0.000811,0.000724,0.000663,0.000619,0.000587,0.000563,0.000544,0.000528,0.000515],"ca":[0.168929,-0.023204,-0.004211,0.006379,0.011550,0.013347,0.013163,0.011924,0.010223,0.008419,0.006715,0.005212,0.003945,0.002914,0.002097,0.001465,0.000987,0.000633,0.000375,0.000191,0.000062,-0.000025,-0.000082,-0.000119,-0.000141,-0.000152,-0.000158,-0.000159,-0.000158,-0.000155],"govh":[0.335410,0.321338,0.312808,0.308063,0.305817,0.305162,0.305467,0.306312,0.307422,0.308628,0.309831,0.310975,0.312035,0.313004,0.313885,0.314686,0.315415,0.316085,0.316704,0.317282,0.317824,0.318338,0.318828,0.319298,0.319750,0.320187,0.320611,0.321022,0.321423,0.321813]}