{"c":[0.159748,0.040924,0.043785,0.047256,0.050944,0.054506,0.057721,0.060491,0.062807,0.064710,0.066261,0.067524,0.068557,0.069408,0.070116,0.070714,0.071225,0.071669,0.072061,0.072412,0.072731,0.073026,0.073301,0.073560,0.073807,0.074043,0.074271,0.074491,0.074704,0.074912],"k":[1.395000,1.376402,1.359111,1.344090,1.331907,1.322755,1.316533,1.312945,1.311608,1.312125,1.314129,1.317304,1.321387,1.326166,1.331473,1.337174,1.343166,1.349367,1.355715,1.362161,1.368668,1.375205,1.381753,1.388292,1.394809,1.401295,1.407742,1.414143,1.420493,1.426789],"s":[0.294000,0.292746,0.291664,0.291066,0.291135,0.291936,0.293444,0.295580,0.298235,0.301299,0.304672,0.308265,0.312007,0.315843,0.319727,0.323625,0.327511,0.331366,0.335174,0.338926,0.342614,0.346232,0.349778,0.353249,0.356645,0.359965,0.363210,0.366380,0.369477,0.372501],"invk":[0.191943,0.273792,0.272887,0.274782,0.278674,0.283725,0.289208,0.294604,0.299613,0.304112,0.308088,0.311587,0.314675,0.317423,0.319894,0.322143,0.324212,0.326138,0.327950,0.329670,0.331315,0.332898,0.334431,0.335922,0.337376,0.338799,0.340193,0.341563,0.342909,0.344233],"invs":[0.106744,0.064614,0.064773,0.065777,0.067367,0.069282,0.071303,0.073277,0.075118,0.076792,0.078297,0.079648,0.080866,0.081971,0.082982,0.083915,0.084784,0.085599,0.086369,0.087101,0.087801,0.088473,0.089120,0.089745,0.090350,0.090938,0.091509,0.092065,0.092606,0.093134],"d":[0.131000,0.339132,0.437674,0.469967,0.461876,0.430001,0.385717,0.336869,0.288597,0.243947,0.204441,0.170572,0.142207,0.118868,0.099926,0.084713,0.072592,0.062993,0.055418,0.049452,0.044752,0.041039,0.038091,0.035732,0.033823,0.032258,0.030954,0.029847,0.028890,0.028047],"f":[-0.160360,-0.339132,-0.437674,-0.469967,-0.461876,-0.430001,-0.385717,-0.336869,-0.288597,-0.243947,-0.204441,-0.170572,-0.142207,-0.118868,-0.099926,-0.084713,-0.072592,-0.062993,-0.055418,-0.049452,-0.044752,-0.041039,-0.038091,-0.035732,-0.033823,-0.032258,-0.030954,-0.029847,-0.028890,-0.028047],"r":[0.065224,0.087692,0.101835,0.107073,0.105730,0.100637,0.094050,0.087397,0.081399,0.076317,0.072165,0.068844,0.066222,0.064167,0.062565,0.061319,0.060352,0.059601,0.059019,0.058566,0.058212,0.057935,0.057717,0.057543,0.057402,0.057288,0.057193,0.057112,0.057042,0.056981],"ca":[0.168929,-0.220793,-0.114884,-0.049839,-0.009153,0.015820,0.029883,0.036271,0.037497,0.035542,0.031874,0.027500,0.023056,0.018900,0.015212,0.012050,0.009410,0.007248,0.005505,0.004119,0.003029,0.002181,0.001526,0.001025,0.000646,0.000361,0.000149,-0.000008,-0.000122,-0.000204],"tb":[0.177473,-0.212249,-0.085145,-0.005269,0.041168,0.064654,0.073157,0.072548,0.066938,0.059033,0.050491,0.042254,0.034799,0.028318,0.022839,0.018302,0.014605,0.011629,0.009260,0.007390,0.005925,0.004786,0.003904,0.003224,0.002702,0.002302,0.001997,0.001762,0.001583,0.001444],"ynon":[0.811124,0.811124,0.805217,0.799729,0.795069,0.791483,0.789063,0.787773,0.787498,0.788083,0.789367,0.791201,0.793458,0.796030,0.798834,0.801801,0.804881,0.808031,0.811222,0.814430,0.817637,0.820830,0.823999,0.827137,0.830239,0.833301,0.836321,0.839296,0.842226,0.845110],"y":[1.224124,0.811124,0.805217,0.799729,0.795069,0.791483,0.789063,0.787773,0.787498,0.788083,0.789367,0.791201,0.793458,0.796030,0.798834,0.801801,0.804881,0.808031,0.811222,0.814430,0.817637,0.820830,0.823999,0.827137,0.830239,0.833301,0.836321,0.839296,0.842226,0.845110],"vv":[0.000000,0.000000,0.000000,0.000000,0.000000,0.000000,0.000000,0.000000,0.000000,0.000000,0.000000,0.000000,0.000000,0.000000,0.000000,0.000000,0.000000,0.000000,0.000000,0.000000,0.000000,0.000000,0.000000,0.000000,0.000000,0.000000,0.000000,0.000000,0.000000,0.000000],"gov":[0.100623,0.025778,0.027579,0.029766,0.032089,0.034332,0.036358,0.038102,0.039561,0.040760,0.041737,0.042532,0.043183,0.043719,0.044165,0.044541,0.044863,0.045143,0.045390,0.045611,0.045812,0.045998,0.046171,0.046335,0.046490,0.046639,0.046782,0.046921,0.047055,0.047186],"AC_s":[0.026686,0.000228,0.000170,0.000052,0.000001,0.000094,0.000331,0.000661,0.001014,0.001339,0.001604,0.001801,0.001932,0.002004,0.002030,0.002020,0.001984,0.001928,0.001861,0.001785,0.001706,0.001624,0.001544,0.001464,0.001388,0.001314,0.001243,0.001176,0.001113,0.001053],"AC_k":[0.047986,0.010505,0.009204,0.007034,0.004679,0.002664,0.001240,0.000414,0.000058,0.000009,0.000130,0.000325,0.000536,0.000732,0.000900,0.001034,0.001138,0.001213,0.001265,0.001299,0.001317,0.001323,0.001321,0.001311,0.001297,0.001278,0.001257,0.001233,0.001208,0.001182],"govh":[0.335410,0.260565,0.209975,0.176748,0.155813,0.143401,0.136738,0.133819,0.133235,0.134024,0.135553,0.137420,0.139377,0.141283,0.143063,0.144686,0.146143,0.147443,0.148600,0.149631,0.150554,0.151386,0.152142,0.152834,0.153474,0.154070,0.154631,0.155162,0.155669,0.156154],"yoil":[0.413000,0.000000,0.000000,0.000000,0.000000,0.000000,0.000000,0.000000,0.000000,0.000000,0.000000,0.000000,0.000000,0.000000,0.000000,0.000000,0.000000,0.000000,0.000000,0.000000,0.000000,0.000000,0.000000,0.000000,0.000000,0.000000,0.000000,0.000000,0.000000,0.000000],"ch":[0.532494,0.413670,0.333354,0.280604,0.247367,0.227663,0.217085,0.212450,0.211522,0.212775,0.215203,0.218166,0.221273,0.224299,0.227126,0.229702,0.232016,0.234080,0.235916,0.237553,0.239019,0.240339,0.241539,0.242638,0.243653,0.244600,0.245491,0.246334,0.247138,0.247909],"T":[0.000000,0.000000,0.000000,0.000000,0.000000,0.000000,0.000000,0.000000,0.000000,0.000000,0.000000,0.000000,0.000000,0.000000,0.000000,0.000000,0.000000,0.000000,0.000000,0.000000,0.000000,0.000000,0.000000,0.000000,0.000000,0.000000,0.000000,0.000000,0.000000,0.000000],"AUX_ENDO_LEAD_22":[0.159748,0.043785,0.047256,0.050944,0.054506,0.057721,0.060491,0.062807,0.064710,0.066261,0.067524,0.068557,0.069408,0.070116,0.070714,0.071225,0.071669,0.072061,0.072412,0.072731,0.073026,0.073301,0.073560,0.073807,0.074043,0.074271,0.074491,0.074704,0.074912,0.075115]}