{
"n" : [0, 0.7381, 0.63779, 0.54977, 0.47375, 0.40861, 0.35299, 0.30554, 0.26504, 0.23043, 0.20078, 0.17533, 0.15343, 0.13454, 0.11821, 0.10405, 0.091752, 0.081038, 0.071685, 0.063503, 0.05633, 0.050029, 0.044484, 0.039596, 0.03528, 0.031462, 0.028081, 0.025082, 0.022419, 0.020051, 0.017944, 0.016067, 0.014393, 0.012899, 0.011565, 0.010373, 0.0093065, 0.0083522, 0.0074978, 0.0067325],
"w" : [0, 1.9226, 1.6972, 1.4972, 1.3212, 1.1669, 1.0317, 0.91337, 0.8096, 0.7185, 0.63839, 0.56784, 0.5056, 0.45061, 0.40195, 0.35884, 0.32058, 0.2866, 0.25638, 0.22947, 0.2055, 0.18411, 0.16502, 0.14797, 0.13273, 0.11909, 0.10689, 0.095963, 0.086173, 0.077399, 0.069532, 0.062475, 0.056144, 0.050461, 0.04536, 0.040779, 0.036665, 0.032969, 0.029648, 0.026664],
"mc" : [0, 0.92263, 0.79724, 0.68721, 0.59219, 0.51076, 0.44124, 0.38193, 0.3313, 0.28803, 0.25097, 0.21916, 0.19179, 0.16818, 0.14776, 0.13007, 0.11469, 0.1013, 0.089606, 0.079378, 0.070412, 0.062536, 0.055605, 0.049495, 0.044099, 0.039327, 0.035101, 0.031352, 0.028024, 0.025064, 0.02243, 0.020084, 0.017992, 0.016124, 0.014457, 0.012966, 0.011633, 0.01044, 0.0093723, 0.0084156],
"int" : [0, 0.009999, 0.0049995, 0.0024998, 0.0012499, 0.00062494, 0.00031247, 0.00015623, 7.8117e-05, 3.9059e-05, 1.9529e-05, 9.7646e-06, 4.8823e-06, 2.4412e-06, 1.2206e-06, 6.1029e-07, 3.0515e-07, 1.5257e-07, 7.6286e-08, 3.8143e-08, 1.9072e-08, 9.5358e-09, 4.7679e-09, 2.3839e-09, 1.192e-09, 5.9599e-10, 2.9799e-10, 1.49e-10, 7.4498e-11, 3.7249e-11, 1.8625e-11, 9.3123e-12, 4.6561e-12, 2.3281e-12, 1.164e-12, 5.8202e-13, 2.9101e-13, 1.455e-13, 7.2752e-14, 3.6376e-14],
"r" : [0, -0.20031, -0.17802, -0.15702, -0.13804, -0.12123, -0.1065, -0.093643, -0.082447, -0.072695, -0.064191, -0.056765, -0.050269, -0.044575, -0.039576, -0.035178, -0.031303, -0.027883, -0.024859, -0.022182, -0.019809, -0.017702, -0.01583, -0.014164, -0.012681, -0.011358, -0.010178, -0.0091241, -0.0081825, -0.0073406, -0.0065873, -0.005913, -0.005309, -0.0047679, -0.0042827, -0.0038477, -0.0034574, -0.0031072, -0.0027929, -0.0025107],
"dm" : [0, 0.7581, 0.28969, 0.066977, -0.034522, -0.076789, -0.090605, -0.091184, -0.085987, -0.078619, -0.070781, -0.063234, -0.056287, -0.05003, -0.044456, -0.039516, -0.035149, -0.031288, -0.027876, -0.024856, -0.022181, -0.019808, -0.017702, -0.01583, -0.014164, -0.01268, -0.011358, -0.010178, -0.0091241, -0.0081825, -0.0073406, -0.0065873, -0.005913, -0.005309, -0.0047679, -0.0042827, -0.0038477, -0.0034574, -0.0031072, -0.0027929],
"m" : [0, 0.7581, 1.0478, 1.1148, 1.0802, 1.0035, 0.91286, 0.82167, 0.73568, 0.65707, 0.58628, 0.52305, 0.46676, 0.41673, 0.37228, 0.33276, 0.29761, 0.26632, 0.23845, 0.21359, 0.19141, 0.1716, 0.1539, 0.13807, 0.12391, 0.11123, 0.099871, 0.089693, 0.080569, 0.072386, 0.065046, 0.058458, 0.052545, 0.047236, 0.042468, 0.038186, 0.034338, 0.030881, 0.027773, 0.02498],
"a" : [0, 1, 0.9, 0.81, 0.729, 0.6561, 0.59049, 0.53144, 0.4783, 0.43047, 0.38742, 0.34868, 0.31381, 0.28243, 0.25419, 0.22877, 0.20589, 0.1853, 0.16677, 0.15009, 0.13509, 0.12158, 0.10942, 0.098477, 0.088629, 0.079766, 0.07179, 0.064611, 0.05815, 0.052335, 0.047101, 0.042391, 0.038152, 0.034337, 0.030903, 0.027813, 0.025032, 0.022528, 0.020276, 0.018248],
"pi" : [0, 0.2419, 0.21031, 0.18302, 0.15952, 0.13929, 0.12185, 0.10681, 0.093799, 0.082525, 0.072734, 0.064211, 0.056775, 0.050274, 0.044578, 0.039577, 0.035179, 0.031304, 0.027883, 0.02486, 0.022182, 0.019809, 0.017702, 0.01583, 0.014164, 0.012681, 0.011358, 0.010178, 0.0091241, 0.0081825, 0.0073406, 0.0065873, 0.005913, 0.005309, 0.0047679, 0.0042827, 0.0038477, 0.0034574, 0.0031072, 0.0027929],
"y" : [0, 1.7381, 1.5378, 1.3598, 1.2027, 1.0647, 0.94348, 0.83698, 0.74334, 0.66089, 0.5882, 0.52401, 0.46724, 0.41697, 0.3724, 0.33282, 0.29764, 0.26634, 0.23846, 0.2136, 0.19141, 0.17161, 0.1539, 0.13807, 0.12391, 0.11123, 0.099871, 0.089693, 0.080569, 0.072386, 0.065046, 0.058458, 0.052545, 0.047236, 0.042468, 0.038186, 0.034338, 0.030881, 0.027773, 0.02498]
}