{"n":[0.000000,0.744350,0.650639,0.569871,0.502106,0.446615,0.402492,0.368941,0.345402,0.331621,0.327685,0.334060,0.351628,0.381743,0.426307,-0.512133,-0.376365,-0.270109,-0.187411,-0.123477,-0.074454,-0.037245,-0.009366,0.011173,0.025964,0.036278,0.043127,0.047317,0.049486,0.050137],"w":[0.000000,1.930437,1.713298,1.522339,1.356632,1.214368,1.093605,0.992617,0.910049,0.844993,0.797027,0.766254,0.753346,0.759608,0.787070,0.588601,0.635435,0.657665,0.661508,0.651848,0.632508,0.606462,0.576009,0.542911,0.508505,0.473792,0.439509,0.406187,0.374193,0.343774],"mc":[0.000000,0.930437,0.813298,0.712339,0.627632,0.558268,0.503115,0.461176,0.431752,0.414526,0.409607,0.417576,0.439535,0.477179,0.532883,-0.640167,-0.470457,-0.337637,-0.234264,-0.154346,-0.093067,-0.046556,-0.011707,0.013967,0.032455,0.045347,0.053909,0.059146,0.061857,0.062671],"int":[0.000000,0.009999,0.005000,0.002500,0.001250,0.000625,0.000312,0.000156,0.000078,0.000039,0.000020,0.000010,0.000005,0.000002,0.000001,0.000001,0.000000,0.000000,0.000000,0.000000,0.000000,0.000000,0.000000,0.000000,0.000000,0.000000,0.000000,0.000000,0.000000,0.000000],"r":[0.000000,-0.193711,-0.170767,-0.148766,-0.128391,-0.109732,-0.092600,-0.076683,-0.061611,-0.046982,-0.032367,-0.017300,-0.001266,0.016321,0.036141,0.012891,-0.004333,-0.016832,-0.025643,-0.031596,-0.035348,-0.037423,-0.038233,-0.038104,-0.037291,-0.035995,-0.034370,-0.032536,-0.030582,-0.028579],"dm":[0.000000,0.764348,0.296290,0.074233,-0.026265,-0.067141,-0.079107,-0.077288,-0.069027,-0.057783,-0.045068,-0.031410,-0.016822,-0.001027,0.016440,0.036201,0.012921,-0.004318,-0.016824,-0.025640,-0.031594,-0.035347,-0.037422,-0.038232,-0.038103,-0.037291,-0.035995,-0.034370,-0.032536,-0.030582],"m":[0.000000,0.764348,1.060638,1.134871,1.108606,1.041464,0.962357,0.885069,0.816042,0.758260,0.713192,0.681782,0.664960,0.663933,0.680374,0.716575,0.729496,0.725178,0.708353,0.682714,0.651120,0.615772,0.578350,0.540117,0.502014,0.464723,0.428728,0.394357,0.361822,0.331240],"a":[0.000000,1.000000,0.900000,0.810000,0.729000,0.656100,0.590490,0.531441,0.478297,0.430467,0.387420,0.348678,0.313811,0.282430,0.254187,1.228768,1.105891,0.995302,0.895772,0.806195,0.725575,0.653018,0.587716,0.528944,0.476050,0.428445,0.385600,0.347040,0.312336,0.281103],"pi":[0.000000,0.235652,0.203710,0.175767,0.151265,0.129641,0.110357,0.092913,0.076839,0.061689,0.047021,0.032386,0.017310,0.001271,-0.016318,-0.036140,-0.012891,0.004333,0.016832,0.025644,0.031596,0.035348,0.037423,0.038233,0.038104,0.037291,0.035995,0.034370,0.032536,0.030582],"y":[0.000000,1.744350,1.550639,1.379871,1.231106,1.102715,0.992982,0.900382,0.823699,0.762088,0.715106,0.682739,0.665439,0.664172,0.680493,0.716635,0.729526,0.725193,0.708361,0.682717,0.651121,0.615773,0.578350,0.540118,0.502014,0.464723,0.428728,0.394357,0.361822,0.331240]}