{"n":[0.000000,-0.866219,-0.671029,-0.515818,-0.392733,-0.295432,-0.218797,-0.158700,-0.111815,-0.075464,-0.047491,-0.026166,-0.010096,0.001831,0.010508,0.016647,0.020818,0.023471,0.024967,0.025589,0.025561,0.025059,0.024220,0.023151,0.021934,0.020631,0.019291,0.017949,0.016630,0.015354],"w":[0.000000,-0.082774,0.061214,0.165227,0.238084,0.286810,0.316994,0.333066,0.338528,0.336137,0.328056,0.315971,0.301190,0.284718,0.267321,0.249577,0.231913,0.214641,0.197981,0.182081,0.167037,0.152901,0.139694,0.127416,0.116047,0.105556,0.095904,0.087047,0.078937,0.071527],"mc":[0.000000,-1.082774,-0.838786,-0.644773,-0.490916,-0.369290,-0.273496,-0.198375,-0.139769,-0.094330,-0.059364,-0.032707,-0.012620,0.002288,0.013135,0.020809,0.026022,0.029339,0.031209,0.031987,0.031952,0.031324,0.030275,0.028939,0.027417,0.025789,0.024114,0.022436,0.020788,0.019192],"int":[0.000000,0.000000,-0.000000,-0.000000,0.000000,-0.000000,-0.000000,0.000000,0.000000,-0.000000,-0.000000,-0.000000,-0.000000,-0.000000,-0.000000,-0.000000,-0.000000,-0.000000,-0.000000,-0.000000,-0.000000,-0.000000,0.000000,-0.000000,-0.000000,-0.000000,-0.000000,-0.000000,-0.000000,-0.000000],"r":[0.000000,0.095191,0.065211,0.042085,0.024401,0.011025,0.001048,-0.006259,-0.011478,-0.015074,-0.017416,-0.018799,-0.019454,-0.019566,-0.019279,-0.018706,-0.017935,-0.017034,-0.016055,-0.015037,-0.014011,-0.012997,-0.012011,-0.011065,-0.010165,-0.009317,-0.008521,-0.007780,-0.007092,-0.006455],"dm":[0.000000,0.133781,0.095191,0.065211,0.042085,0.024401,0.011025,0.001048,-0.006259,-0.011478,-0.015074,-0.017416,-0.018799,-0.019454,-0.019566,-0.019279,-0.018706,-0.017935,-0.017034,-0.016055,-0.015037,-0.014011,-0.012997,-0.012011,-0.011065,-0.010165,-0.009317,-0.008521,-0.007780,-0.007092],"m":[0.000000,0.133781,0.228971,0.294182,0.336267,0.360668,0.371693,0.372741,0.366482,0.355003,0.339929,0.322513,0.303714,0.284260,0.264694,0.245415,0.226709,0.208773,0.191739,0.175684,0.160646,0.146636,0.133639,0.121628,0.110563,0.100398,0.091081,0.082560,0.074780,0.067688],"a":[0.000000,1.000000,0.900000,0.810000,0.729000,0.656100,0.590490,0.531441,0.478297,0.430467,0.387420,0.348678,0.313811,0.282430,0.254187,0.228768,0.205891,0.185302,0.166772,0.150095,0.135085,0.121577,0.109419,0.098477,0.088629,0.079766,0.071790,0.064611,0.058150,0.052335],"pi":[0.000000,-0.133781,-0.095191,-0.065211,-0.042085,-0.024401,-0.011025,-0.001048,0.006259,0.011478,0.015074,0.017416,0.018799,0.019454,0.019566,0.019279,0.018706,0.017935,0.017034,0.016055,0.015037,0.014011,0.012997,0.012011,0.011065,0.010165,0.009317,0.008521,0.007780,0.007092],"y":[0.000000,0.133781,0.228971,0.294182,0.336267,0.360668,0.371693,0.372741,0.366482,0.355003,0.339929,0.322513,0.303714,0.284260,0.264694,0.245415,0.226709,0.208773,0.191739,0.175684,0.160646,0.146636,0.133639,0.121628,0.110563,0.100398,0.091081,0.082560,0.074780,0.067688]}