{"b":[40.000000,40.001402,40.005411,40.012064,40.021013,40.031956,40.044408,40.058146,40.072958,40.088735,40.105267,40.122347,40.140064,40.158335,40.177179,40.196556,40.216461,40.236871,40.257775,40.279155,40.300999,40.323294,40.346029,40.369192,40.392775,40.416770,40.441170,40.465972,40.491168,40.516473],"bstar":[-0.000000,0.017829,-0.008297,0.003949,-0.000275,0.000969,0.011864,0.004939,0.024185,-0.004350,0.011745,0.002280,0.007673,0.004429,0.006172,0.005036,0.005550,0.005117,0.005223,0.005023,0.004998,0.004877,0.004816,0.004728,0.004665,0.004601,0.004538,0.003926,-0.014943,0.011968],"d":[50.000000,54.135561,59.317121,63.379286,66.333866,68.193783,68.974282,69.482986,69.722266,70.503370,71.275652,72.038921,72.793478,73.539337,74.276675,75.005571,75.726160,76.438544,77.142846,77.839178,78.527663,79.208421,79.881581,80.547279,81.205657,81.856868,82.501081,83.138474,83.769116,83.270065],"dc":[0.000000,0.000000,0.000000,0.000000,0.000000,0.000000,0.000000,0.000000,0.000000,0.000000,0.000000,0.000000,0.000000,0.000000,0.000000,0.000000,0.000000,0.000000,0.000000,0.000000,0.000000,0.000000,0.000000,0.000000,0.000000,0.000000,0.000000,0.000000,0.000000,0.000000],"e":[48.061193,50.234325,50.470502,49.994324,49.620509,49.382948,49.139827,49.301481,49.416136,50.000334,50.128060,50.202792,50.307388,50.393763,50.489800,50.579164,50.671195,50.760426,50.849969,50.938060,51.025785,51.112666,51.199195,51.285406,51.371702,51.458411,51.546057,51.634948,51.715690,51.157687],"eh":[35.133390,35.815050,35.655177,35.584478,35.234762,35.288307,35.220563,35.380396,35.662203,36.093631,36.647930,36.465797,36.712262,36.707833,36.848000,36.903453,37.006788,37.081696,37.172108,37.253027,37.338908,37.421769,37.506436,37.590548,37.675886,37.762000,37.849814,37.939754,38.036710,37.721499],"GAP":[1.674877,1.828026,3.292912,3.763339,4.975382,4.977583,5.222841,5.055427,4.495311,3.679405,2.366171,3.065197,2.593520,2.805539,2.622214,2.668736,2.583865,2.575541,2.524379,2.498632,2.459320,2.428540,2.393691,2.361802,2.328803,2.296845,2.264547,2.231894,2.179293,2.833781],"grants":[5.000000,5.583007,5.662091,5.669806,5.674146,5.673522,5.666614,5.681602,5.693826,5.508485,5.522466,5.534788,5.547981,5.560575,5.573423,5.586030,5.598690,5.611245,5.623803,5.636328,5.648872,5.661447,5.674097,5.686860,5.699793,5.712960,5.726440,5.740311,5.754010,5.731033],"h":[0.170132,0.171244,0.188234,0.193975,0.208634,0.208787,0.211911,0.209699,0.202837,0.192737,0.177268,0.185367,0.179804,0.182210,0.180024,0.180506,0.179470,0.179320,0.178679,0.178332,0.177831,0.177430,0.176985,0.176574,0.176152,0.175743,0.175332,0.174917,0.174281,0.181884],"in":[5.886833,6.046265,6.065703,5.951698,5.980193,5.971187,5.986346,6.078194,6.092936,6.315447,6.214541,6.304305,6.282543,6.325657,6.330931,6.357913,6.372141,6.393427,6.410335,6.429334,6.446631,6.464250,6.480868,6.497006,6.512078,6.526036,6.538421,6.548698,6.550524,6.404016],"ix":[4.385333,3.977992,4.116354,4.139048,4.239364,4.283988,4.313924,4.390045,4.400338,4.567775,4.499381,4.569691,4.558595,4.594743,4.603336,4.627902,4.643408,4.664446,4.682817,4.703431,4.723735,4.745479,4.768025,4.792157,4.817942,4.845961,4.876631,4.910475,4.943238,4.833640],"iz":[3.000000,5.419411,6.416837,6.513712,6.400976,6.071735,5.719593,5.441812,5.260844,4.751085,4.767706,4.780524,4.795201,4.808441,4.822182,4.835315,4.848495,4.861358,4.874126,4.886683,4.899106,4.911361,4.923475,4.935439,4.947261,4.958939,4.970470,4.981854,4.993268,5.015223],"kn":[90.566667,90.723742,90.889909,90.933115,91.001628,91.056881,91.123530,91.276401,91.434007,91.800743,92.044578,92.361235,92.636174,92.935982,93.221787,93.515872,93.805142,94.096860,94.386553,94.676414,94.964753,95.251986,95.537197,95.820042,96.099623,96.375052,96.645045,96.907873,97.155668,97.243252],"kx":[67.466667,67.065345,66.826041,66.624421,66.534546,66.494391,66.486301,66.553725,66.626972,66.860491,67.011672,67.222443,67.408784,67.618806,67.823844,68.039955,68.257502,68.481846,68.709921,68.943700,69.182512,69.427454,69.678922,69.938062,70.206011,70.484405,70.775188,71.080693,71.398912,71.588775],"L_n":[22.230000,23.975150,24.388152,23.986674,23.589551,23.182460,22.791268,22.674187,22.568154,22.633613,22.616845,22.613458,22.603022,22.597526,22.589947,22.584305,22.578257,22.573140,22.568197,22.563889,22.560001,22.556728,22.554060,22.552138,22.551057,22.550987,22.552111,22.554489,22.552203,22.207904],"L_x":[30.360000,28.614850,28.201848,28.603326,29.000449,29.407540,29.798732,29.915813,30.021846,29.956387,29.973155,29.976542,29.986978,29.992474,30.000053,30.005695,30.011743,30.016860,30.021803,30.026111,30.029999,30.033272,30.035940,30.037862,30.038943,30.039013,30.037889,30.035511,30.037797,30.382096],"oilr":[0.000000,0.000000,0.000000,0.000000,0.000000,0.000000,0.000000,0.000000,0.000000,0.000000,0.000000,0.000000,0.000000,0.000000,0.000000,0.000000,0.000000,0.000000,0.000000,0.000000,0.000000,0.000000,0.000000,0.000000,0.000000,0.000000,0.000000,0.000000,0.000000,0.000000],"p":[1.000000,1.029008,1.034434,1.026578,1.019291,1.012116,1.005410,1.003288,1.001322,1.002174,1.001550,1.001252,1.000806,1.000487,1.000131,0.999832,0.999533,0.999266,0.999014,0.998787,0.998582,0.998403,0.998252,0.998135,0.998057,0.998024,0.998046,0.998132,0.998194,0.992747],"pk":[2.000000,2.067422,2.080167,2.061726,2.044699,2.028009,2.012480,2.007579,2.003045,2.005010,2.003571,2.002885,2.001857,2.001121,2.000302,1.999612,1.998925,1.998311,1.997731,1.997209,1.996736,1.996325,1.995978,1.995709,1.995528,1.995452,1.995503,1.995700,1.995843,1.983336],"pn":[1.000000,1.067422,1.080167,1.061726,1.044699,1.028009,1.012480,1.007579,1.003045,1.005010,1.003571,1.002885,1.001857,1.001121,1.000302,0.999612,0.998925,0.998311,0.997731,0.997209,0.996736,0.996325,0.995978,0.995709,0.995528,0.995452,0.995503,0.995700,0.995843,0.983336],"pz":[2.000000,2.067422,2.080167,2.061726,2.044699,2.028009,2.012480,2.007579,2.003045,2.005010,2.003571,2.002885,2.001857,2.001121,2.000302,1.999612,1.998925,1.998311,1.997731,1.997209,1.996736,1.996325,1.995978,1.995709,1.995528,1.995452,1.995503,1.995700,1.995843,1.983336],"px":[1.000000,1.000000,1.000000,1.000000,1.000000,1.000000,1.000000,1.000000,1.000000,1.000000,1.000000,1.000000,1.000000,1.000000,1.000000,1.000000,1.000000,1.000000,1.000000,1.000000,1.000000,1.000000,1.000000,1.000000,1.000000,1.000000,1.000000,1.000000,1.000000,1.000000],"pm":[1.000000,1.000000,1.000000,1.000000,1.000000,1.000000,1.000000,1.000000,1.000000,1.000000,1.000000,1.000000,1.000000,1.000000,1.000000,1.000000,1.000000,1.000000,1.000000,1.000000,1.000000,1.000000,1.000000,1.000000,1.000000,1.000000,1.000000,1.000000,1.000000,1.000000],"pmm":[1.000000,1.000000,1.000000,1.000000,1.000000,1.000000,1.000000,1.000000,1.000000,1.000000,1.000000,1.000000,1.000000,1.000000,1.000000,1.000000,1.000000,1.000000,1.000000,1.000000,1.000000,1.000000,1.000000,1.000000,1.000000,1.000000,1.000000,1.000000,1.000000,1.000000],"qn":[49.400000,51.108930,51.985511,52.203742,52.330499,52.374152,52.329589,52.486397,52.620899,52.896502,53.072422,53.220215,53.380273,53.529369,53.681226,53.828047,53.974509,54.118072,54.260348,54.400557,54.539279,54.676309,54.811874,54.945941,55.078603,55.209854,55.339701,55.467890,55.587388,55.319190],"qx":[50.600000,48.834230,48.700482,49.570339,50.407164,51.224114,51.954639,52.330660,52.660069,52.770876,52.939345,53.064461,53.212544,53.344733,53.483747,53.616487,53.750635,53.881882,54.012849,54.142201,54.270898,54.398622,54.525821,54.652550,54.779140,54.905829,55.032984,55.161190,55.297746,55.814800],"r":[0.100000,0.114094,0.099296,0.112257,0.107493,0.108410,0.115562,0.107630,0.126304,0.095918,0.113403,0.103005,0.108859,0.105286,0.107164,0.105897,0.106434,0.105936,0.106027,0.105781,0.105724,0.105558,0.105453,0.105313,0.105192,0.105060,0.104919,0.104268,0.089752,0.112890],