{"b":[40.000000,40.001403,40.005415,40.012073,40.021027,40.031973,40.044426,40.058161,40.072968,40.088738,40.105263,40.122338,40.140048,40.158315,40.177153,40.196526,40.216427,40.236834,40.257736,40.279114,40.300958,40.323254,40.345990,40.369156,40.392744,40.416745,40.441154,40.465966,40.491174,40.516494],"bstar":[0.000000,0.017648,-0.008316,0.003811,-0.000254,0.000898,0.011933,0.004948,0.024329,-0.004272,0.011608,0.002422,0.007565,0.004516,0.006117,0.005078,0.005527,0.005136,0.005214,0.005031,0.004994,0.004880,0.004813,0.004727,0.004662,0.004598,0.004533,0.003919,-0.015097,0.011922],"d":[50.000000,54.135596,59.317221,63.379437,66.334046,68.193970,68.974465,69.483158,69.722428,70.503510,71.275774,72.039024,72.793564,73.539406,74.276728,75.005610,75.726187,76.438561,77.142855,77.839182,78.527664,79.208423,79.881588,80.547295,81.205686,81.856916,82.501153,83.138577,83.769254,83.270201],"dc":[0.000000,0.000000,0.000000,0.000000,0.000000,0.000000,0.000000,0.000000,0.000000,0.000000,0.000000,0.000000,0.000000,0.000000,0.000000,0.000000,0.000000,0.000000,0.000000,0.000000,0.000000,0.000000,0.000000,0.000000,0.000000,0.000000,0.000000,0.000000,0.000000,0.000000],"e":[48.189470,50.371291,50.727954,50.288798,50.012236,49.773632,49.548971,49.697650,49.766685,50.286427,50.306392,50.437766,50.504412,50.607461,50.688939,50.781692,50.866964,50.955275,51.040662,51.126487,51.210938,51.295162,51.378731,51.462183,51.545630,51.629549,51.714365,51.800373,51.876482,51.370192],"eh":[35.005113,35.669941,35.396995,35.289371,34.848302,34.901721,34.818909,34.988908,35.316548,35.806356,36.465020,36.232807,36.510493,36.494679,36.645229,36.700033,36.808058,36.885060,36.978681,37.062290,37.151004,37.236628,37.324030,37.410883,37.498932,37.587775,37.678317,37.771063,37.872393,37.512279],"GAP":[1.674877,1.829243,3.285010,3.762771,4.968612,4.977914,5.218605,5.057652,4.494813,3.685894,2.370115,3.058944,2.600271,2.800785,2.626484,2.666484,2.586146,2.574795,2.525619,2.498602,2.460091,2.428809,2.394263,2.362179,2.329284,2.297249,2.264977,2.232288,2.179655,2.827039],"grants":[5.000000,5.583055,5.662162,5.669876,5.674202,5.673547,5.666605,5.681549,5.693741,5.508388,5.522379,5.534706,5.547894,5.560499,5.573346,5.585964,5.598629,5.611195,5.623763,5.636302,5.648860,5.661452,5.674121,5.686906,5.699863,5.713057,5.726568,5.740472,5.754204,5.731240],"h":[0.160066,0.160630,0.169071,0.171984,0.179275,0.179394,0.180928,0.179861,0.176414,0.171407,0.163657,0.167647,0.164942,0.166078,0.165037,0.165240,0.164748,0.164656,0.164347,0.164166,0.163921,0.163717,0.163496,0.163290,0.163079,0.162874,0.162669,0.162461,0.162143,0.165903],"in":[5.886833,6.048752,6.066313,5.952202,5.979050,5.970136,5.984221,6.076587,6.091157,6.315220,6.215277,6.303382,6.283315,6.325146,6.331482,6.357830,6.372614,6.393670,6.410876,6.429847,6.447337,6.465026,6.481807,6.498070,6.513308,6.527429,6.540002,6.550476,6.552506,6.404261],"ix":[4.385333,3.979779,4.116830,4.139453,4.238576,4.283249,4.312379,4.388853,4.398999,4.567561,4.499876,4.568976,4.559120,4.594333,4.603703,4.627808,4.643723,4.664596,4.683188,4.703786,4.724237,4.746041,4.768714,4.792948,4.818869,4.847023,4.877850,4.911863,4.944801,4.833910],"iz":[3.000000,5.419391,6.416919,6.513822,6.401111,6.071820,5.719639,5.441786,5.260772,4.750970,4.767587,4.780434,4.795087,4.808356,4.822086,4.835238,4.848419,4.861298,4.874075,4.886648,4.899086,4.911359,4.923493,4.935479,4.947327,4.959032,4.970594,4.982011,4.993464,5.015467],"kn":[90.566667,90.726193,90.892804,90.936321,91.003503,91.057600,91.122109,91.273488,91.429528,91.796327,92.041170,92.357136,92.633099,92.932600,93.219165,93.513337,93.803236,94.095315,94.385640,94.676064,94.965121,95.253094,95.539159,95.822927,96.103536,96.380087,96.651315,96.915493,97.164753,97.251996],"kx":[67.466667,67.067106,66.828158,66.626801,66.535998,66.495022,66.485369,66.551679,66.623738,66.857253,67.009130,67.219359,67.406415,67.616184,67.821751,68.037904,68.255894,68.480488,68.709016,68.943204,69.182543,69.428036,69.680146,69.939987,70.208726,70.487993,70.779748,71.086328,71.405727,71.595419],"L_n":[22.230000,23.975586,24.388262,23.986648,23.589302,23.182192,22.790932,22.673935,22.567977,22.633675,22.617020,22.613479,22.603176,22.597577,22.590074,22.584381,22.578368,22.573230,22.568303,22.563986,22.560106,22.556830,22.554167,22.552246,22.551169,22.551102,22.552230,22.554612,22.552286,22.207758],"L_x":[30.360000,28.614414,28.201738,28.603352,29.000698,29.407808,29.799068,29.916065,30.022023,29.956325,29.972980,29.976521,29.986824,29.992423,29.999926,30.005619,30.011632,30.016770,30.021697,30.026014,30.029894,30.033170,30.035833,30.037754,30.038831,30.038898,30.037770,30.035388,30.037714,30.382242],"oilr":[0.000000,0.000000,0.000000,0.000000,0.000000,0.000000,0.000000,0.000000,0.000000,0.000000,0.000000,0.000000,0.000000,0.000000,0.000000,0.000000,0.000000,0.000000,0.000000,0.000000,0.000000,0.000000,0.000000,0.000000,0.000000,0.000000,0.000000,0.000000,0.000000,0.000000],"p":[1.000000,1.029016,1.034433,1.026575,1.019284,1.012110,1.005404,1.003285,1.001321,1.002179,1.001556,1.001255,1.000811,1.000490,1.000135,0.999834,0.999536,0.999269,0.999016,0.998789,0.998583,0.998404,0.998253,0.998135,0.998056,0.998023,0.998044,0.998129,0.998190,0.992738],"pk":[2.000000,2.067439,2.080167,2.061720,2.044684,2.027996,2.012467,2.007572,2.003044,2.005020,2.003584,2.002891,2.001869,2.001128,2.000312,1.999618,1.998932,1.998316,1.997736,1.997213,1.996739,1.996327,1.995979,1.995708,1.995526,1.995450,1.995500,1.995695,1.995834,1.983318],"pn":[1.000000,1.067439,1.080167,1.061720,1.044684,1.027996,1.012467,1.007572,1.003044,1.005020,1.003584,1.002891,1.001869,1.001128,1.000312,0.999618,0.998932,0.998316,0.997736,0.997213,0.996739,0.996327,0.995979,0.995708,0.995526,0.995450,0.995500,0.995695,0.995834,0.983318],"pz":[2.000000,2.067439,2.080167,2.061720,2.044684,2.027996,2.012467,2.007572,2.003044,2.005020,2.003584,2.002891,2.001869,2.001128,2.000312,1.999618,1.998932,1.998316,1.997736,1.997213,1.996739,1.996327,1.995979,1.995708,1.995526,1.995450,1.995500,1.995695,1.995834,1.983318],"px":[1.000000,1.000000,1.000000,1.000000,1.000000,1.000000,1.000000,1.000000,1.000000,1.000000,1.000000,1.000000,1.000000,1.000000,1.000000,1.000000,1.000000,1.000000,1.000000,1.000000,1.000000,1.000000,1.000000,1.000000,1.000000,1.000000,1.000000,1.000000,1.000000,1.000000],"pm":[1.000000,1.000000,1.000000,1.000000,1.000000,1.000000,1.000000,1.000000,1.000000,1.000000,1.000000,1.000000,1.000000,1.000000,1.000000,1.000000,1.000000,1.000000,1.000000,1.000000,1.000000,1.000000,1.000000,1.000000,1.000000,1.000000,1.000000,1.000000,1.000000,1.000000],"pmm":[1.000000,1.000000,1.000000,1.000000,1.000000,1.000000,1.000000,1.000000,1.000000,1.000000,1.000000,1.000000,1.000000,1.000000,1.000000,1.000000,1.000000,1.000000,1.000000,1.000000,1.000000,1.000000,1.000000,1.000000,1.000000,1.000000,1.000000,1.000000,1.000000,1.000000],"qn":[49.400000,51.109348,51.986385,52.204642,52.331291,52.374517,52.329521,52.485737,52.619835,52.895173,53.071217,53.219152,53.379120,53.528419,53.680250,53.827248,53.973769,54.117504,54.259908,54.400307,54.539216,54.676473,54.812282,54.946626,55.079592,55.211182,55.341403,55.470002,55.589901,55.321911],"qx":[50.600000,48.833784,48.700877,49.571005,50.408171,51.224884,51.955239,52.330685,52.659653,52.769818,52.938149,53.063630,53.211390,53.343900,53.482745,53.615697,53.749813,53.881217,54.012243,54.141745,54.270562,54.398456,54.525827,54.652762,54.779576,54.906519,55.033954,55.162472,55.299425,55.817133],"r":[0.100000,0.113897,0.099279,0.112106,0.107516,0.108332,0.115637,0.107638,0.126465,0.096002,0.113253,0.103159,0.108742,0.105381,0.107104,0.105944,0.106409,0.105958,0.106017,0.105790,0.105720,0.105561,0.105451,0.105312,0.105189,0.105057,0.104915,0.104261,0.089591,0.112839],