{"b":[20.000000,19.999983,19.999731,19.999710,19.999718,19.999719,19.999722,19.999725,19.999728,19.999732,19.999735,19.999738,19.999742,19.999745,19.999749,19.999753,19.999756,19.999760,19.999764,19.999767,19.999771,19.999775,19.999778,19.999782,19.999786,19.999789,19.999793,19.999797,19.999800,19.999804],"bstar":[0.000000,0.000101,-0.000024,0.000006,-0.000001,0.000000,-0.000000,-0.000000,-0.000000,-0.000000,-0.000000,-0.000000,-0.000000,-0.000000,-0.000000,-0.000000,-0.000000,-0.000000,-0.000000,-0.000000,-0.000000,-0.000000,-0.000000,-0.000000,-0.000000,-0.000000,-0.000000,-0.000000,-0.000000,-0.000000],"cad":[0.738916,0.739012,0.738781,0.738935,0.738899,0.738907,0.738906,0.738906,0.738906,0.738906,0.738907,0.738907,0.738907,0.738907,0.738907,0.738908,0.738908,0.738908,0.738908,0.738908,0.738908,0.738908,0.738909,0.738909,0.738909,0.738909,0.738909,0.738909,0.738909,0.738910],"d":[50.000000,49.999640,49.999283,49.999247,49.999274,49.999286,49.999300,49.999314,49.999327,49.999340,49.999352,49.999364,49.999376,49.999388,49.999399,49.999411,49.999422,49.999432,49.999443,49.999453,49.999464,49.999474,49.999484,49.999493,49.999503,49.999512,49.999522,49.999531,49.999540,49.999549],"dc":[0.000000,0.000000,0.000000,0.000000,0.000000,0.000000,0.000000,0.000000,0.000000,0.000000,0.000000,0.000000,0.000000,0.000000,0.000000,0.000000,0.000000,0.000000,0.000000,0.000000,0.000000,0.000000,0.000000,0.000000,0.000000,0.000000,0.000000,0.000000,0.000000,0.000000],"grants":[5.000000,5.000000,5.000000,5.000000,5.000000,5.000000,5.000000,5.000000,5.000000,5.000000,5.000000,5.000000,5.000000,5.000000,5.000000,5.000000,5.000000,5.000000,5.000000,5.000000,5.000000,5.000000,5.000000,5.000000,5.000000,5.000000,5.000000,5.000000,5.000000,5.000000],"iz":[6.000000,6.010043,6.000086,6.000090,6.000087,6.000086,6.000084,6.000082,6.000081,6.000079,6.000078,6.000076,6.000075,6.000073,6.000072,6.000071,6.000069,6.000068,6.000067,6.000066,6.000064,6.000063,6.000062,6.000061,6.000060,6.000059,6.000057,6.000056,6.000055,6.000054],"oilr":[0.000000,0.000000,0.000000,0.000000,0.000000,0.000000,0.000000,0.000000,0.000000,0.000000,0.000000,0.000000,0.000000,0.000000,0.000000,0.000000,0.000000,0.000000,0.000000,0.000000,0.000000,0.000000,0.000000,0.000000,0.000000,0.000000,0.000000,0.000000,0.000000,0.000000],"pfd":[-0.935961,-0.935964,-0.938265,-0.935428,-0.936075,-0.935926,-0.935958,-0.935949,-0.935950,-0.935948,-0.935948,-0.935947,-0.935946,-0.935946,-0.935945,-0.935945,-0.935944,-0.935944,-0.935944,-0.935943,-0.935943,-0.935943,-0.935943,-0.935943,-0.935943,-0.935943,-0.935943,-0.935943,-0.935943,-0.935943],"totaldebt":[70.000000,69.999622,69.999014,69.998957,69.998992,69.999005,69.999023,69.999039,69.999055,69.999071,69.999087,69.999103,69.999118,69.999133,69.999148,69.999163,69.999178,69.999192,69.999207,69.999221,69.999235,69.999248,69.999262,69.999275,69.999289,69.999302,69.999315,69.999327,69.999340,69.999352],"p":[100.000000,100.000633,100.000090,100.000054,100.000040,100.000024,100.000011,99.999999,99.999988,99.999979,99.999970,99.999963,99.999957,99.999951,99.999946,99.999942,99.999938,99.999935,99.999932,99.999929,99.999927,99.999926,99.999924,99.999923,99.999923,99.999922,99.999922,99.999921,99.999921,99.999921],"pk":[200.000000,200.001458,200.000206,200.000125,200.000092,200.000056,200.000025,199.999997,199.999973,199.999951,199.999932,199.999915,199.999900,199.999887,199.999875,199.999866,199.999857,199.999849,199.999843,199.999838,199.999833,199.999829,199.999826,199.999824,199.999822,199.999820,199.999819,199.999819,199.999818,199.999819],"pn":[100.000000,100.001458,100.000206,100.000125,100.000092,100.000056,100.000025,99.999997,99.999973,99.999951,99.999932,99.999915,99.999900,99.999887,99.999875,99.999866,99.999857,99.999849,99.999843,99.999838,99.999833,99.999829,99.999826,99.999824,99.999822,99.999820,99.999819,99.999819,99.999818,99.999819],"pz":[200.000000,200.001458,200.000206,200.000125,200.000092,200.000056,200.000025,199.999997,199.999973,199.999951,199.999932,199.999915,199.999900,199.999887,199.999875,199.999866,199.999857,199.999849,199.999843,199.999838,199.999833,199.999829,199.999826,199.999824,199.999822,199.999820,199.999819,199.999819,199.999818,199.999819],"px":[100.000000,100.000000,100.000000,100.000000,100.000000,100.000000,100.000000,100.000000,100.000000,100.000000,100.000000,100.000000,100.000000,100.000000,100.000000,100.000000,100.000000,100.000000,100.000000,100.000000,100.000000,100.000000,100.000000,100.000000,100.000000,100.000000,100.000000,100.000000,100.000000,100.000000],"pm":[100.000000,100.000000,100.000000,100.000000,100.000000,100.000000,100.000000,100.000000,100.000000,100.000000,100.000000,100.000000,100.000000,100.000000,100.000000,100.000000,100.000000,100.000000,100.000000,100.000000,100.000000,100.000000,100.000000,100.000000,100.000000,100.000000,100.000000,100.000000,100.000000,100.000000],"pmm":[100.000000,100.000000,100.000000,100.000000,100.000000,100.000000,100.000000,100.000000,100.000000,100.000000,100.000000,100.000000,100.000000,100.000000,100.000000,100.000000,100.000000,100.000000,100.000000,100.000000,100.000000,100.000000,100.000000,100.000000,100.000000,100.000000,100.000000,100.000000,100.000000,100.000000],"tot":[100.000000,100.000000,100.000000,100.000000,100.000000,100.000000,100.000000,100.000000,100.000000,100.000000,100.000000,100.000000,100.000000,100.000000,100.000000,100.000000,100.000000,100.000000,100.000000,100.000000,100.000000,100.000000,100.000000,100.000000,100.000000,100.000000,100.000000,100.000000,100.000000,100.000000],"totmm":[100.000000,100.000000,100.000000,100.000000,100.000000,100.000000,100.000000,100.000000,100.000000,100.000000,100.000000,100.000000,100.000000,100.000000,100.000000,100.000000,100.000000,100.000000,100.000000,100.000000,100.000000,100.000000,100.000000,100.000000,100.000000,100.000000,100.000000,100.000000,100.000000,100.000000],"ynom":[100.000000,100.000720,100.001435,100.001506,100.001452,100.001429,100.001399,100.001373,100.001346,100.001321,100.001296,100.001271,100.001247,100.001224,100.001201,100.001179,100.001157,100.001135,100.001114,100.001093,100.001073,100.001052,100.001033,100.001013,100.000994,100.000975,100.000957,100.000938,100.000920,100.000903],"growth":[1.500000,1.500018,1.502646,1.500224,1.499924,1.499990,1.499972,1.499974,1.499972,1.499970,1.499969,1.499968,1.499967,1.499966,1.499966,1.499965,1.499965,1.499964,1.499964,1.499964,1.499964,1.499963,1.499963,1.499963,1.499964,1.499964,1.499964,1.499964,1.499964,1.499965],"h":[15.000000,15.006591,15.001305,14.999496,14.999915,14.999826,14.999851,14.999851,14.999856,14.999859,14.999863,14.999866,14.999870,14.999873,14.999876,14.999879,14.999882,14.999885,14.999888,14.999890,14.999893,14.999895,14.999898,14.999900,14.999902,14.999905,14.999907,14.999909,14.999911,14.999913],"r":[10.000000,10.011755,9.997364,10.000644,9.999888,10.000052,10.000007,10.000010,10.000003,9.999998,9.999994,9.999990,9.999986,9.999983,9.999980,9.999977,9.999975,9.999972,9.999970,9.999969,9.999967,9.999966,9.999965,9.999963,9.999963,9.999962,9.999961,9.999961,9.999960,9.999960],"rstar":[10.000000,10.000000,10.000000,10.000000,10.000000,10.000000,10.000000,10.000000,10.000000,10.000000,10.000000,10.000000,10.000000,10.000000,10.000000,10.000000,10.000000,10.000000,10.000000,10.000000,10.000000,10.000000,10.000000,10.000000,10.000000,10.000000,10.000000,10.000000,10.000000,10.000000],"r_dc":[6.000000,6.000000,6.000000,6.000000,6.000000,6.000000,6.000000,6.000000,6.000000,6.000000,6.000000,6.000000,6.000000,6.000000,6.000000,6.000000,6.000000,6.000000,6.000000,6.000000,6.000000,6.000000,6.000000,6.000000,6.000000,6.000000,6.000000,6.000000,6.000000,6.000000],"c":[0.000000,-0.006971,0.000192,0.001624,0.001250,0.001293,0.001244,0.001218,0.001189,0.001162,0.001136,0.001111,0.001087,0.001065,0.001043,0.001021,0.001001,0.000980,0.000961,0.000942,0.000923,0.000905,0.000887,0.000870,0.000853,0.000837,0.000820,0.000804,0.000789,0.000773],