{"b":[20.000000,19.999998,19.999973,19.999971,19.999972,19.999972,19.999972,19.999973,19.999973,19.999973,19.999973,19.999974,19.999974,19.999975,19.999975,19.999975,19.999976,19.999976,19.999976,19.999977,19.999977,19.999977,19.999978,19.999978,19.999979,19.999979,19.999979,19.999980,19.999980,19.999980],"bstar":[0.000000,0.000010,-0.000002,0.000001,-0.000000,0.000000,-0.000000,-0.000000,-0.000000,-0.000000,-0.000000,-0.000000,-0.000000,-0.000000,-0.000000,-0.000000,-0.000000,-0.000000,-0.000000,-0.000000,-0.000000,-0.000000,-0.000000,-0.000000,-0.000000,-0.000000,-0.000000,-0.000000,-0.000000,-0.000000],"cad":[0.738916,0.738926,0.738903,0.738918,0.738915,0.738915,0.738915,0.738915,0.738915,0.738915,0.738915,0.738915,0.738915,0.738915,0.738915,0.738915,0.738915,0.738915,0.738915,0.738915,0.738915,0.738915,0.738915,0.738916,0.738916,0.738916,0.738916,0.738916,0.738916,0.738916],"d":[50.000000,49.999964,49.999928,49.999925,49.999927,49.999929,49.999930,49.999931,49.999933,49.999934,49.999935,49.999936,49.999938,49.999939,49.999940,49.999941,49.999942,49.999943,49.999944,49.999945,49.999946,49.999947,49.999948,49.999949,49.999950,49.999951,49.999952,49.999953,49.999954,49.999955],"dc":[0.000000,0.000000,0.000000,0.000000,0.000000,0.000000,0.000000,0.000000,0.000000,0.000000,0.000000,0.000000,0.000000,0.000000,0.000000,0.000000,0.000000,0.000000,0.000000,0.000000,0.000000,0.000000,0.000000,0.000000,0.000000,0.000000,0.000000,0.000000,0.000000,0.000000],"grants":[5.000000,5.000000,5.000000,5.000000,5.000000,5.000000,5.000000,5.000000,5.000000,5.000000,5.000000,5.000000,5.000000,5.000000,5.000000,5.000000,5.000000,5.000000,5.000000,5.000000,5.000000,5.000000,5.000000,5.000000,5.000000,5.000000,5.000000,5.000000,5.000000,5.000000],"iz":[6.000000,6.001004,6.000009,6.000009,6.000009,6.000009,6.000008,6.000008,6.000008,6.000008,6.000008,6.000008,6.000007,6.000007,6.000007,6.000007,6.000007,6.000007,6.000007,6.000007,6.000006,6.000006,6.000006,6.000006,6.000006,6.000006,6.000006,6.000006,6.000006,6.000005],"oilr":[0.000000,0.000000,0.000000,0.000000,0.000000,0.000000,0.000000,0.000000,0.000000,0.000000,0.000000,0.000000,0.000000,0.000000,0.000000,0.000000,0.000000,0.000000,0.000000,0.000000,0.000000,0.000000,0.000000,0.000000,0.000000,0.000000,0.000000,0.000000,0.000000,0.000000],"pfd":[-0.935961,-0.935961,-0.936191,-0.935907,-0.935972,-0.935957,-0.935960,-0.935959,-0.935960,-0.935959,-0.935959,-0.935959,-0.935959,-0.935959,-0.935959,-0.935959,-0.935959,-0.935959,-0.935959,-0.935959,-0.935959,-0.935959,-0.935959,-0.935959,-0.935959,-0.935959,-0.935959,-0.935959,-0.935959,-0.935959],"totaldebt":[70.000000,69.999962,69.999901,69.999896,69.999899,69.999900,69.999902,69.999904,69.999906,69.999907,69.999909,69.999910,69.999912,69.999913,69.999915,69.999916,69.999918,69.999919,69.999921,69.999922,69.999923,69.999925,69.999926,69.999928,69.999929,69.999930,69.999931,69.999933,69.999934,69.999935],"p":[100.000000,100.000063,100.000009,100.000005,100.000004,100.000002,100.000001,100.000000,99.999999,99.999998,99.999997,99.999996,99.999996,99.999995,99.999995,99.999994,99.999994,99.999993,99.999993,99.999993,99.999993,99.999993,99.999992,99.999992,99.999992,99.999992,99.999992,99.999992,99.999992,99.999992],"pk":[200.000000,200.000146,200.000021,200.000013,200.000009,200.000006,200.000002,200.000000,199.999997,199.999995,199.999993,199.999991,199.999990,199.999989,199.999988,199.999987,199.999986,199.999985,199.999984,199.999984,199.999983,199.999983,199.999983,199.999982,199.999982,199.999982,199.999982,199.999982,199.999982,199.999982],"pn":[100.000000,100.000146,100.000021,100.000013,100.000009,100.000006,100.000002,100.000000,99.999997,99.999995,99.999993,99.999991,99.999990,99.999989,99.999988,99.999987,99.999986,99.999985,99.999984,99.999984,99.999983,99.999983,99.999983,99.999982,99.999982,99.999982,99.999982,99.999982,99.999982,99.999982],"pz":[200.000000,200.000146,200.000021,200.000013,200.000009,200.000006,200.000002,200.000000,199.999997,199.999995,199.999993,199.999991,199.999990,199.999989,199.999988,199.999987,199.999986,199.999985,199.999984,199.999984,199.999983,199.999983,199.999983,199.999982,199.999982,199.999982,199.999982,199.999982,199.999982,199.999982],"px":[100.000000,100.000000,100.000000,100.000000,100.000000,100.000000,100.000000,100.000000,100.000000,100.000000,100.000000,100.000000,100.000000,100.000000,100.000000,100.000000,100.000000,100.000000,100.000000,100.000000,100.000000,100.000000,100.000000,100.000000,100.000000,100.000000,100.000000,100.000000,100.000000,100.000000],"pm":[100.000000,100.000000,100.000000,100.000000,100.000000,100.000000,100.000000,100.000000,100.000000,100.000000,100.000000,100.000000,100.000000,100.000000,100.000000,100.000000,100.000000,100.000000,100.000000,100.000000,100.000000,100.000000,100.000000,100.000000,100.000000,100.000000,100.000000,100.000000,100.000000,100.000000],"pmm":[100.000000,100.000000,100.000000,100.000000,100.000000,100.000000,100.000000,100.000000,100.000000,100.000000,100.000000,100.000000,100.000000,100.000000,100.000000,100.000000,100.000000,100.000000,100.000000,100.000000,100.000000,100.000000,100.000000,100.000000,100.000000,100.000000,100.000000,100.000000,100.000000,100.000000],"tot":[100.000000,100.000000,100.000000,100.000000,100.000000,100.000000,100.000000,100.000000,100.000000,100.000000,100.000000,100.000000,100.000000,100.000000,100.000000,100.000000,100.000000,100.000000,100.000000,100.000000,100.000000,100.000000,100.000000,100.000000,100.000000,100.000000,100.000000,100.000000,100.000000,100.000000],"totmm":[100.000000,100.000000,100.000000,100.000000,100.000000,100.000000,100.000000,100.000000,100.000000,100.000000,100.000000,100.000000,100.000000,100.000000,100.000000,100.000000,100.000000,100.000000,100.000000,100.000000,100.000000,100.000000,100.000000,100.000000,100.000000,100.000000,100.000000,100.000000,100.000000,100.000000],"ynom":[100.000000,100.000072,100.000143,100.000151,100.000145,100.000143,100.000140,100.000137,100.000135,100.000132,100.000130,100.000127,100.000125,100.000122,100.000120,100.000118,100.000116,100.000114,100.000111,100.000109,100.000107,100.000105,100.000103,100.000101,100.000099,100.000098,100.000096,100.000094,100.000092,100.000090],"growth":[1.500000,1.500002,1.500265,1.500022,1.499992,1.499999,1.499997,1.499997,1.499997,1.499997,1.499997,1.499997,1.499997,1.499997,1.499997,1.499997,1.499996,1.499996,1.499996,1.499996,1.499996,1.499996,1.499996,1.499996,1.499996,1.499996,1.499996,1.499996,1.499996,1.499996],"h":[15.000000,15.000659,15.000131,14.999950,14.999992,14.999983,14.999985,14.999985,14.999986,14.999986,14.999986,14.999987,14.999987,14.999987,14.999988,14.999988,14.999988,14.999988,14.999989,14.999989,14.999989,14.999990,14.999990,14.999990,14.999990,14.999990,14.999991,14.999991,14.999991,14.999991],"r":[10.000000,10.001176,9.999736,10.000064,9.999989,10.000005,10.000001,10.000001,10.000000,10.000000,9.999999,9.999999,9.999999,9.999998,9.999998,9.999998,9.999997,9.999997,9.999997,9.999997,9.999997,9.999997,9.999996,9.999996,9.999996,9.999996,9.999996,9.999996,9.999996,9.999996],"rstar":[10.000000,10.000000,10.000000,10.000000,10.000000,10.000000,10.000000,10.000000,10.000000,10.000000,10.000000,10.000000,10.000000,10.000000,10.000000,10.000000,10.000000,10.000000,10.000000,10.000000,10.000000,10.000000,10.000000,10.000000,10.000000,10.000000,10.000000,10.000000,10.000000,10.000000],"r_dc":[6.000000,6.000000,6.000000,6.000000,6.000000,6.000000,6.000000,6.000000,6.000000,6.000000,6.000000,6.000000,6.000000,6.000000,6.000000,6.000000,6.000000,6.000000,6.000000,6.000000,6.000000,6.000000,6.000000,6.000000,6.000000,6.000000,6.000000,6.000000,6.000000,6.000000],