{"qx":[50.600000,47.474573,49.765171,50.872925,51.873978,53.361661,53.832024,54.831732,54.894309,55.516971,55.834058,55.310007,54.815339,54.371653,53.978029,53.640408,53.357542,53.128475,52.949512,52.816312,52.723478,52.665296,52.635856,52.629391,52.640430,52.663955,52.695490,52.731156,52.767688,52.802429],"qn":[49.400000,52.352328,51.848681,51.922045,51.969887,51.415326,51.507550,51.014031,51.180932,50.767519,50.409636,50.692229,50.980124,51.253173,51.509008,51.739322,51.941348,52.112057,52.250716,52.357372,52.433277,52.480373,52.501235,52.498806,52.476264,52.436851,52.383760,52.320033,52.248487,52.171661],"ynom":[100.000000,106.116292,104.835662,105.042967,105.317155,104.541781,104.993516,104.392472,104.907815,104.366375,103.831958,104.274197,104.675579,105.013070,105.293821,105.512706,105.673598,105.778547,105.832686,105.841312,105.810735,105.747323,105.657470,105.547212,105.422107,105.287086,105.146402,105.003613,104.861603,104.722623],"growth_plot":[0.015000,0.012996,0.053629,0.038675,0.035599,0.033008,0.025608,0.023989,0.019413,0.018265,0.013662,0.011220,0.011736,0.012262,0.012752,0.013217,0.013631,0.013994,0.014292,0.014526,0.014692,0.014795,0.014839,0.014831,0.014780,0.014696,0.014586,0.014460,0.014325,0.014188],"kx":[67.466667,67.369290,67.353769,67.398953,67.480331,67.579776,67.686356,67.794034,67.897160,67.997821,68.085155,68.156370,68.226443,68.301619,68.388478,68.489975,68.607856,68.741989,68.891175,69.053228,69.225364,69.404404,69.587017,69.769888,69.949869,70.124086,70.290019,70.445550,70.588985,70.719058],"kn":[90.566667,90.536849,90.409157,90.200345,89.914981,89.635899,89.355082,89.144021,88.980641,88.928493,89.022155,89.220730,89.509431,89.866715,90.275524,90.718299,91.179873,91.646404,92.106127,92.549120,92.967440,93.354996,93.707462,94.022112,94.297646,94.533982,94.732062,94.893638,95.021083,95.117209],"L_x":[30.360000,27.299374,28.738407,29.239276,29.666817,30.587348,30.704226,31.342708,31.241916,31.682149,31.974668,31.605495,31.262579,30.961788,30.700356,30.482039,30.304938,30.167850,30.067573,30.000627,29.962828,29.949862,29.957335,29.981011,30.016910,30.061416,30.111324,30.163881,30.216783,30.268169],"L_n":[22.230000,25.290626,23.851593,23.350724,22.923183,22.002652,21.885774,21.247292,21.348084,20.907851,20.615332,20.984505,21.327421,21.628212,21.889644,22.107961,22.285062,22.422150,22.522427,22.589373,22.627172,22.640138,22.632665,22.608989,22.573090,22.528584,22.478676,22.426119,22.373217,22.321831],"ix":[4.385333,4.286496,4.363251,4.423857,4.463531,4.487158,4.500865,4.508906,4.511285,4.515486,4.508503,4.497818,4.501288,4.511022,4.527768,4.548270,4.571498,4.595655,4.619654,4.642410,4.663177,4.681374,4.696639,4.708770,4.717723,4.723572,4.726488,4.726715,4.724547,4.720308],"in":[5.886833,5.856568,5.755287,5.664651,5.573378,5.561206,5.541304,5.593854,5.628531,5.730811,5.875418,5.987994,6.092379,6.180756,6.256278,6.317326,6.365187,6.400221,6.423635,6.436536,6.440288,6.436253,6.425828,6.410355,6.391103,6.369229,6.345760,6.321584,6.297443,6.273938],"rx":[0.300000,0.281470,0.295477,0.302124,0.307862,0.316309,0.318628,0.324034,0.323889,0.327065,0.328446,0.324946,0.321703,0.318772,0.316116,0.313739,0.311622,0.309752,0.308106,0.306665,0.305408,0.304312,0.303357,0.302524,0.301795,0.301153,0.300584,0.300078,0.299623,0.299211],"rn":[0.300000,0.356124,0.334546,0.329541,0.325872,0.313063,0.313924,0.305057,0.308573,0.301944,0.296855,0.302512,0.307363,0.311171,0.314062,0.316030,0.317178,0.317587,0.317369,0.316632,0.315486,0.314036,0.312376,0.310592,0.308756,0.306929,0.305160,0.303486,0.301934,0.300524],"w":[1.000000,1.043421,1.038996,1.043930,1.049131,1.046740,1.051947,1.049655,1.054243,1.051386,1.047718,1.050007,1.052031,1.053653,1.054933,1.055843,1.056413,1.056657,1.056610,1.056304,1.055778,1.055069,1.054216,1.053255,1.052215,1.051127,1.050013,1.048893,1.047782,1.046692],"pk":[2.000000,2.120136,2.062139,2.043296,2.028349,1.995425,1.993281,1.971512,1.977190,1.962218,1.952157,1.965911,1.978033,1.988064,1.996249,2.002570,2.007214,2.010324,2.012104,2.012751,2.012473,2.011464,2.009912,2.007981,2.005820,2.003552,2.001282,1.999091,1.997042,1.995180],"pz":[2.000000,2.120136,2.062139,2.043296,2.028349,1.995425,1.993281,1.971512,1.977190,1.962218,1.952157,1.965911,1.978033,1.988064,1.996249,2.002570,2.007214,2.010324,2.012104,2.012751,2.012473,2.011464,2.009912,2.007981,2.005820,2.003552,2.001282,1.999091,1.997042,1.995180],"pn":[1.000000,1.120136,1.062139,1.043296,1.028349,0.995425,0.993281,0.971512,0.977190,0.962218,0.952157,0.965911,0.978033,0.988064,0.996249,1.002570,1.007214,1.010324,1.012104,1.012751,1.012473,1.011464,1.009912,1.007981,1.005820,1.003552,1.001282,0.999091,0.997042,0.995180],"p":[1.000000,1.051333,1.026754,1.018689,1.012262,0.998012,0.997080,0.987578,0.990062,0.983503,0.979080,0.985124,0.990431,0.994808,0.998370,1.001116,1.003130,1.004477,1.005247,1.005527,1.005407,1.004970,1.004298,1.003462,1.002525,1.001542,1.000557,0.999605,0.998715,0.997905],"h":[0.150000,0.165237,0.175925,0.185403,0.193483,0.196970,0.199399,0.197655,0.195385,0.189588,0.180794,0.172617,0.165205,0.158620,0.152913,0.148087,0.144124,0.140979,0.138595,0.136900,0.135817,0.135263,0.135157,0.135419,0.135971,0.136743,0.137671,0.138699,0.139775,0.140860],"T":[11.927842,10.625572,9.712320,8.901381,8.210592,7.905671,7.693620,7.829661,8.017511,8.502405,9.246295,9.956157,10.613191,11.206990,11.728803,12.174944,12.544322,12.838827,13.062346,13.220461,13.319867,13.367986,13.372559,13.341337,13.281806,13.200986,13.105279,13.000370,12.891170,12.781802],"z":[46.153846,51.088096,54.828626,58.408275,61.829582,64.064029,66.188840,67.166940,68.093100,67.924614,66.718899,65.581697,64.510103,63.501383,62.552773,61.661530,60.824894,60.040107,59.304416,58.615092,57.969445,57.364838,56.798709,56.268575,55.772052,55.306859,54.870825,54.461896,54.078138,53.717733],"ze":[27.692308,30.652858,32.897176,35.044965,37.097749,38.438418,39.713304,40.300164,40.855860,40.754768,40.031339,39.349018,38.706062,38.100830,37.531664,36.996918,36.494936,36.024064,35.582650,35.169055,34.781667,34.418903,34.079225,33.761145,33.463231,33.184115,32.922495,32.677138,32.446883,32.230640],"iz":[3.000000,8.008264,7.117364,7.197204,7.269164,6.286887,6.320845,5.295046,5.305904,4.255038,3.191299,3.182469,3.175142,3.169306,3.164750,3.161319,3.158814,3.157059,3.155881,3.155123,3.154649,3.154338,3.154093,3.153830,3.153487,3.153012,3.152371,3.151541,3.150508,3.149268],"Rz":[0.300000,0.300310,0.275569,0.259650,0.246173,0.234648,0.227687,0.221536,0.218758,0.216306,0.216844,0.220152,0.223454,0.226748,0.230019,0.233254,0.236438,0.239557,0.242598,0.245548,0.248399,0.251141,0.253768,0.256276,0.258662,0.260926,0.263067,0.265088,0.266990,0.268779],"GAP":[0.000000,10.418160,8.660381,8.982449,9.155918,7.146920,7.118859,4.933184,4.725534,2.430782,0.062752,-0.330283,-0.658143,-0.945524,-1.172896,-1.351441,-1.479543,-1.563574,-1.607344,-1.616736,-1.597073,-1.554002,-1.492776,-1.418352,-1.335165,-1.247123,-1.157545,-1.069173,-0.984185,-0.904232],"bstar":[0.000000,-0.024491,-0.004504,-0.002300,-0.007575,0.007578,0.001007,0.013689,0.006098,0.008831,0.018090,0.016598,0.014158,0.012093,0.009856,0.007803,0.005834,0.004053,0.002449,0.001051,-0.000142,-0.001132,-0.001928,-0.002543,-0.002994,-0.003300,-0.003480,-0.003554,-0.003541,-0.003460],"b":[20.000000,20.000000,20.000000,20.000000,20.000000,20.000000,20.000000,20.000000,20.000000,20.000000,20.000000,20.000000,20.000000,20.000000,20.000000,20.000000,20.000000,20.000000,20.000000,20.000000,20.000000,20.000000,20.000000,20.000000,20.000000,20.000000,20.000000,20.000000,20.000000,20.000000],"dc":[0.000000,7.813620,12.100647,15.145727,17.043457,16.386794,15.293327,12.300164,9.442059,5.231266,0.090543,-4.092284,-7.347288,-9.749401,-11.372560,-12.310498,-12.658915,-12.517356,-11.982446,-11.146336,-10.093730,-8.900618,-7.633161,-6.347354,-5.089032,-3.894291,-2.790155,-1.795444,-0.921742,-0.174437],