{"b":[20.000000,20.000000,20.000000,20.000000,20.000000,20.000000,20.000000,20.000000,20.000000,20.000000,20.000000,20.000000,20.000000,20.000000,20.000000,20.000000,20.000000,20.000000,20.000000,20.000000,20.000000,20.000000,20.000000,20.000000,20.000000,20.000000,20.000000,20.000000,20.000000,20.000000],"bstar":[0.000000,0.010144,-0.002453,0.000574,-0.000117,0.000034,-0.000005,-0.000001,-0.000007,-0.000009,-0.000013,-0.000015,-0.000018,-0.000020,-0.000022,-0.000024,-0.000026,-0.000027,-0.000029,-0.000030,-0.000031,-0.000032,-0.000033,-0.000034,-0.000034,-0.000035,-0.000035,-0.000036,-0.000036,-0.000036],"d":[50.000000,50.000000,50.000000,50.000000,50.000000,50.000000,50.000000,50.000000,50.000000,50.000000,50.000000,50.000000,50.000000,50.000000,50.000000,50.000000,50.000000,50.000000,50.000000,50.000000,50.000000,50.000000,50.000000,50.000000,50.000000,50.000000,50.000000,50.000000,50.000000,50.000000],"dc":[0.000000,0.000000,0.000000,0.000000,0.000000,0.000000,0.000000,0.000000,0.000000,0.000000,0.000000,0.000000,0.000000,0.000000,0.000000,0.000000,0.000000,0.000000,0.000000,0.000000,0.000000,0.000000,0.000000,0.000000,0.000000,0.000000,0.000000,0.000000,0.000000,0.000000],"e":[47.446143,47.287993,47.509592,47.494532,47.497436,47.496315,47.496088,47.495637,47.495215,47.494765,47.494300,47.493819,47.493322,47.492811,47.492286,47.491749,47.491199,47.490640,47.490071,47.489494,47.488909,47.488319,47.487723,47.487123,47.486520,47.485914,47.485307,47.484699,47.484090,47.483483],"eh":[35.748439,35.274091,35.691868,35.830086,35.797116,35.803217,35.800489,35.799808,35.798699,35.797721,35.796745,35.795798,35.794872,35.793966,35.793081,35.792214,35.791364,35.790531,35.789715,35.788914,35.788128,35.787356,35.786599,35.785855,35.785125,35.784408,35.783704,35.783013,35.782334,35.781667],"GAP":[0.000000,1.096651,0.219834,-0.084111,-0.013904,-0.028932,-0.024638,-0.024769,-0.023931,-0.023344,-0.022731,-0.022153,-0.021592,-0.021053,-0.020532,-0.020029,-0.019543,-0.019073,-0.018618,-0.018177,-0.017749,-0.017335,-0.016932,-0.016541,-0.016162,-0.015793,-0.015434,-0.015085,-0.014746,-0.014416],"grants":[5.000000,5.003611,5.007123,5.007485,5.007215,5.007101,5.006957,5.006825,5.006695,5.006568,5.006445,5.006324,5.006206,5.006091,5.005977,5.005866,5.005757,5.005650,5.005544,5.005440,5.005339,5.005238,5.005140,5.005043,5.004947,5.004854,5.004761,5.004670,5.004581,5.004493],"h":[0.150000,0.156641,0.151321,0.149495,0.149917,0.149826,0.149852,0.149851,0.149856,0.149860,0.149864,0.149867,0.149870,0.149874,0.149877,0.149880,0.149883,0.149885,0.149888,0.149891,0.149893,0.149896,0.149898,0.149901,0.149903,0.149905,0.149907,0.149909,0.149911,0.149913],"in":[5.886833,5.801328,5.922425,5.894295,5.900211,5.898426,5.898413,5.898017,5.897726,5.897428,5.897147,5.896877,5.896617,5.896368,5.896128,5.895897,5.895674,5.895458,5.895250,5.895049,5.894854,5.894666,5.894483,5.894306,5.894133,5.893966,5.893804,5.893646,5.893493,5.893343],"ix":[4.385333,4.321389,4.411743,4.390914,4.395424,4.394185,4.394251,4.394020,4.393858,4.393682,4.393510,4.393340,4.393172,4.393007,4.392844,4.392684,4.392526,4.392372,4.392220,4.392071,4.391926,4.391783,4.391643,4.391506,4.391372,4.391241,4.391113,4.390988,4.390865,4.390746],"iz":[3.000000,3.499605,3.003961,3.004303,3.004190,3.004176,3.004136,3.004098,3.004057,3.004013,3.003968,3.003921,3.003872,3.003822,3.003772,3.003720,3.003667,3.003614,3.003560,3.003506,3.003452,3.003398,3.003343,3.003289,3.003234,3.003180,3.003126,3.003073,3.003019,3.002966],"kn":[90.566667,90.482425,90.522886,90.533040,90.548374,90.560967,90.572740,90.583369,90.593031,90.601781,90.609693,90.616833,90.623260,90.629029,90.634193,90.638798,90.642888,90.646505,90.649685,90.652463,90.654871,90.656939,90.658695,90.660163,90.661368,90.662331,90.663072,90.663610,90.663963,90.664146],"kx":[67.466667,67.403668,67.433721,67.441329,67.452893,67.462496,67.471548,67.479794,67.487352,67.494253,67.500542,67.506261,67.511449,67.516141,67.520372,67.524175,67.527579,67.530612,67.533302,67.535673,67.537749,67.539551,67.541100,67.542415,67.543514,67.544413,67.545129,67.545675,67.546066,67.546314],"L_n":[22.230000,22.268524,22.231849,22.231444,22.231014,22.230703,22.230409,22.230152,22.229922,22.229717,22.229536,22.229376,22.229234,22.229108,22.228998,22.228901,22.228817,22.228743,22.228680,22.228625,22.228578,22.228539,22.228506,22.228479,22.228457,22.228440,22.228428,22.228419,22.228414,22.228411],"L_x":[30.360000,30.321476,30.358151,30.358556,30.358986,30.359297,30.359591,30.359848,30.360078,30.360283,30.360464,30.360624,30.360766,30.360892,30.361002,30.361099,30.361183,30.361257,30.361320,30.361375,30.361422,30.361461,30.361494,30.361521,30.361543,30.361560,30.361572,30.361581,30.361586,30.361589],"oilr":[0.000000,0.000000,0.000000,0.000000,0.000000,0.000000,0.000000,0.000000,0.000000,0.000000,0.000000,0.000000,0.000000,0.000000,0.000000,0.000000,0.000000,0.000000,0.000000,0.000000,0.000000,0.000000,0.000000,0.000000,0.000000,0.000000,0.000000,0.000000,0.000000,0.000000],"p":[1.000000,1.000634,1.000090,1.000054,1.000040,1.000024,1.000011,0.999999,0.999988,0.999979,0.999971,0.999963,0.999957,0.999951,0.999946,0.999942,0.999938,0.999935,0.999932,0.999930,0.999928,0.999926,0.999925,0.999924,0.999923,0.999922,0.999922,0.999922,0.999922,0.999922],"pk":[2.000000,2.001461,2.000208,2.000125,2.000092,2.000056,2.000025,1.999998,1.999973,1.999952,1.999933,1.999916,1.999901,1.999888,1.999877,1.999867,1.999858,1.999851,1.999844,1.999839,1.999834,1.999830,1.999827,1.999825,1.999823,1.999821,1.999820,1.999820,1.999820,1.999820],"pn":[1.000000,1.001461,1.000208,1.000125,1.000092,1.000056,1.000025,0.999998,0.999973,0.999952,0.999933,0.999916,0.999901,0.999888,0.999877,0.999867,0.999858,0.999851,0.999844,0.999839,0.999834,0.999830,0.999827,0.999825,0.999823,0.999821,0.999820,0.999820,0.999820,0.999820],"pz":[2.000000,2.001461,2.000208,2.000125,2.000092,2.000056,2.000025,1.999998,1.999973,1.999952,1.999933,1.999916,1.999901,1.999888,1.999877,1.999867,1.999858,1.999851,1.999844,1.999839,1.999834,1.999830,1.999827,1.999825,1.999823,1.999821,1.999820,1.999820,1.999820,1.999820],"px":[1.000000,1.000000,1.000000,1.000000,1.000000,1.000000,1.000000,1.000000,1.000000,1.000000,1.000000,1.000000,1.000000,1.000000,1.000000,1.000000,1.000000,1.000000,1.000000,1.000000,1.000000,1.000000,1.000000,1.000000,1.000000,1.000000,1.000000,1.000000,1.000000,1.000000],"pm":[1.000000,1.000000,1.000000,1.000000,1.000000,1.000000,1.000000,1.000000,1.000000,1.000000,1.000000,1.000000,1.000000,1.000000,1.000000,1.000000,1.000000,1.000000,1.000000,1.000000,1.000000,1.000000,1.000000,1.000000,1.000000,1.000000,1.000000,1.000000,1.000000,1.000000],"pmm":[1.000000,1.000000,1.000000,1.000000,1.000000,1.000000,1.000000,1.000000,1.000000,1.000000,1.000000,1.000000,1.000000,1.000000,1.000000,1.000000,1.000000,1.000000,1.000000,1.000000,1.000000,1.000000,1.000000,1.000000,1.000000,1.000000,1.000000,1.000000,1.000000,1.000000],"qn":[49.400000,49.438506,49.463678,49.470569,49.468691,49.468753,49.468276,49.467834,49.467305,49.466727,49.466098,49.465426,49.464716,49.463974,49.463202,49.462406,49.461589,49.460754,49.459904,49.459043,49.458171,49.457293,49.456409,49.455521,49.454632,49.453743,49.452855,49.451969,49.451087,49.450209],"qx":[50.600000,50.561466,50.668478,50.672931,50.671039,50.670490,50.669606,50.668772,50.667903,50.667022,50.666126,50.665219,50.664301,50.663375,50.662443,50.661506,50.660566,50.659623,50.658681,50.657739,50.656798,50.655861,50.654928,50.653999,50.653075,50.652158,50.651248,50.650346,50.649451,50.648566],"r":[0.100000,0.111877,0.097348,0.100647,0.099888,0.100052,0.100007,0.100010,0.100003,0.099999,0.099994,0.099990,0.099987,0.099983,0.099980,0.099977,0.099975,0.099973,0.099971,0.099969,0.099967,0.099966,0.099965,0.099964,0.099963,0.099962,0.099961,0.099961,0.099960,0.099960],