{"qx":[50.600000,50.524540,50.739849,50.749260,50.745388,50.744293,50.742491,50.740785,50.739001,50.737186,50.735336,50.733458,50.731556,50.729635,50.727699,50.725751,50.723796,50.721835,50.719874,50.717913,50.715956,50.714005,50.712062,50.710129,50.708208,50.706301,50.704408,50.702532,50.700673,50.698833],"qn":[49.400000,49.475353,49.522729,49.536211,49.532415,49.532474,49.531477,49.530558,49.529476,49.528302,49.527036,49.525690,49.524275,49.522798,49.521270,49.519696,49.518084,49.516439,49.514768,49.513076,49.511367,49.509645,49.507915,49.506179,49.504441,49.502704,49.500971,49.499243,49.497523,49.495812],"ynom":[100.000000,100.141488,100.277248,100.292068,100.282029,100.278032,100.272794,100.267955,100.263132,100.258405,100.253751,100.249170,100.244658,100.240212,100.235831,100.231512,100.227254,100.223057,100.218919,100.214839,100.210818,100.206854,100.202947,100.199098,100.195305,100.191569,100.187890,100.184266,100.180699,100.177187],"growth_plot":[0.015000,0.015034,0.020219,0.015458,0.014847,0.014980,0.014944,0.014948,0.014943,0.014941,0.014938,0.014936,0.014934,0.014932,0.014931,0.014930,0.014929,0.014928,0.014928,0.014927,0.014927,0.014927,0.014927,0.014927,0.014927,0.014927,0.014928,0.014928,0.014929,0.014929],"kx":[67.466667,67.341160,67.402007,67.417501,67.440918,67.460338,67.478615,67.495236,67.510445,67.524308,67.536922,67.548372,67.558739,67.568099,67.576522,67.584075,67.590821,67.596818,67.602120,67.606778,67.610842,67.614354,67.617358,67.619892,67.621992,67.623693,67.625026,67.626020,67.626704,67.627103],"kn":[90.566667,90.396811,90.476915,90.496058,90.525790,90.550144,90.572971,90.593604,90.612387,90.629418,90.644841,90.658774,90.671333,90.682622,90.692738,90.701772,90.709807,90.716921,90.723186,90.728668,90.733430,90.737528,90.741016,90.743942,90.746353,90.748290,90.749794,90.750899,90.751641,90.752049],"L_x":[30.360000,30.284577,30.359776,30.360754,30.361373,30.361847,30.362282,30.362663,30.362999,30.363294,30.363553,30.363778,30.363974,30.364142,30.364286,30.364408,30.364510,30.364594,30.364662,30.364715,30.364755,30.364784,30.364801,30.364809,30.364808,30.364800,30.364784,30.364762,30.364735,30.364703],"L_n":[22.230000,22.305423,22.230224,22.229246,22.228627,22.228153,22.227718,22.227337,22.227001,22.226706,22.226447,22.226222,22.226026,22.225858,22.225714,22.225592,22.225490,22.225406,22.225338,22.225285,22.225245,22.225216,22.225199,22.225191,22.225192,22.225200,22.225216,22.225238,22.225265,22.225297],"ix":[4.385333,4.257944,4.438935,4.396857,4.405906,4.403371,4.403473,4.402980,4.402628,4.402249,4.401884,4.401522,4.401167,4.400818,4.400476,4.400140,4.399812,4.399490,4.399175,4.398866,4.398565,4.398270,4.397982,4.397700,4.397425,4.397156,4.396893,4.396636,4.396385,4.396140],"in":[5.886833,5.714430,5.957098,5.900429,5.912423,5.908895,5.908929,5.908186,5.907649,5.907092,5.906566,5.906057,5.905567,5.905095,5.904638,5.904197,5.903771,5.903358,5.902959,5.902572,5.902196,5.901832,5.901479,5.901136,5.900803,5.900479,5.900165,5.899859,5.899561,5.899271],"rx":[0.300000,0.299553,0.301390,0.301174,0.301081,0.300970,0.300873,0.300781,0.300697,0.300618,0.300546,0.300478,0.300416,0.300359,0.300306,0.300257,0.300212,0.300170,0.300132,0.300097,0.300064,0.300035,0.300008,0.299983,0.299960,0.299940,0.299921,0.299904,0.299889,0.299875],"rn":[0.300000,0.301318,0.301400,0.301166,0.301065,0.300948,0.300846,0.300751,0.300664,0.300584,0.300511,0.300443,0.300381,0.300324,0.300272,0.300224,0.300180,0.300140,0.300104,0.300070,0.300039,0.300011,0.299986,0.299963,0.299942,0.299923,0.299906,0.299890,0.299876,0.299863],"w":[1.000000,1.000995,1.002771,1.002925,1.002828,1.002791,1.002741,1.002694,1.002648,1.002602,1.002557,1.002513,1.002469,1.002425,1.002382,1.002340,1.002298,1.002256,1.002215,1.002175,1.002135,1.002095,1.002056,1.002018,1.001980,1.001942,1.001906,1.001869,1.001833,1.001798],"pk":[2.000000,2.002862,2.000296,2.000133,2.000085,2.000026,1.999976,1.999932,1.999892,1.999857,1.999826,1.999799,1.999774,1.999753,1.999735,1.999719,1.999705,1.999693,1.999682,1.999674,1.999667,1.999661,1.999656,1.999652,1.999650,1.999648,1.999647,1.999646,1.999647,1.999647],"pz":[2.000000,2.002862,2.000296,2.000133,2.000085,2.000026,1.999976,1.999932,1.999892,1.999857,1.999826,1.999799,1.999774,1.999753,1.999735,1.999719,1.999705,1.999693,1.999682,1.999674,1.999667,1.999661,1.999656,1.999652,1.999650,1.999648,1.999647,1.999646,1.999647,1.999647],"pn":[1.000000,1.002862,1.000296,1.000133,1.000085,1.000026,0.999976,0.999932,0.999892,0.999857,0.999826,0.999799,0.999774,0.999753,0.999735,0.999719,0.999705,0.999693,0.999682,0.999674,0.999667,0.999661,0.999656,0.999652,0.999650,0.999648,0.999647,0.999646,0.999647,0.999647],"p":[1.000000,1.001242,1.000129,1.000058,1.000037,1.000011,0.999990,0.999970,0.999953,0.999938,0.999924,0.999913,0.999902,0.999893,0.999885,0.999878,0.999872,0.999867,0.999862,0.999858,0.999855,0.999853,0.999851,0.999849,0.999848,0.999847,0.999847,0.999846,0.999846,0.999847],"h":[0.150000,0.163414,0.152684,0.149002,0.149848,0.149666,0.149717,0.149715,0.149725,0.149732,0.149739,0.149745,0.149752,0.149758,0.149764,0.149770,0.149775,0.149781,0.149786,0.149791,0.149796,0.149801,0.149806,0.149810,0.149815,0.149819,0.149823,0.149827,0.149831,0.149835],"T":[11.927842,10.828975,11.704577,12.011153,11.940530,11.955708,11.951426,11.951596,11.950785,11.950226,11.949638,11.949082,11.948542,11.948022,11.947519,11.947033,11.946562,11.946107,11.945665,11.945237,11.944822,11.944420,11.944029,11.943649,11.943280,11.942922,11.942573,11.942234,11.941904,11.941583],"z":[46.153846,47.139004,47.083671,47.032561,46.984498,46.939483,46.897270,46.857682,46.820546,46.785701,46.752995,46.722289,46.693452,46.666361,46.640904,46.616972,46.594468,46.573299,46.553379,46.534626,46.516966,46.500328,46.484648,46.469863,46.455917,46.442756,46.430331,46.418595,46.407505,46.397020],"ze":[27.692308,28.283403,28.250203,28.219537,28.190699,28.163690,28.138362,28.114609,28.092328,28.071420,28.051797,28.033373,28.016071,27.999817,27.984542,27.970183,27.956681,27.943980,27.932027,27.920776,27.910179,27.900197,27.890789,27.881918,27.873550,27.865654,27.858199,27.851157,27.844503,27.838212],"iz":[3.000000,3.999936,3.007872,3.008562,3.008333,3.008303,3.008219,3.008142,3.008056,3.007967,3.007874,3.007778,3.007679,3.007577,3.007474,3.007368,3.007262,3.007154,3.007045,3.006936,3.006826,3.006716,3.006606,3.006496,3.006386,3.006277,3.006168,3.006060,3.005952,3.005846],"Rz":[0.300000,0.299995,0.294501,0.294915,0.295213,0.295512,0.295787,0.296046,0.296287,0.296514,0.296725,0.296923,0.297109,0.297282,0.297444,0.297596,0.297739,0.297872,0.297996,0.298113,0.298222,0.298324,0.298420,0.298510,0.298594,0.298673,0.298747,0.298816,0.298881,0.298942],"GAP":[0.000000,2.197734,0.446531,-0.166621,-0.025376,-0.055733,-0.047167,-0.047507,-0.045886,-0.044768,-0.043591,-0.042479,-0.041400,-0.040360,-0.039354,-0.038381,-0.037440,-0.036529,-0.035646,-0.034790,-0.033960,-0.033155,-0.032373,-0.031614,-0.030876,-0.030159,-0.029462,-0.028784,-0.028124,-0.027482],"bstar":[0.000000,0.020240,-0.004945,0.001166,-0.000227,0.000077,-0.000003,0.000005,-0.000007,-0.000013,-0.000020,-0.000025,-0.000031,-0.000036,-0.000040,-0.000044,-0.000048,-0.000051,-0.000054,-0.000057,-0.000059,-0.000061,-0.000063,-0.000064,-0.000066,-0.000067,-0.000068,-0.000068,-0.000069,-0.000069],"b":[20.000000,20.000000,20.000000,20.000000,20.000000,20.000000,20.000000,20.000000,20.000000,20.000000,20.000000,20.000000,20.000000,20.000000,20.000000,20.000000,20.000000,20.000000,20.000000,20.000000,20.000000,20.000000,20.000000,20.000000,20.000000,20.000000,20.000000,20.000000,20.000000,20.000000],"dc":[0.000000,0.000000,0.000000,0.000000,0.000000,0.000000,0.000000,0.000000,0.000000,0.000000,0.000000,0.000000,0.000000,0.000000,0.000000,0.000000,0.000000,0.000000,0.000000,0.000000,0.000000,0.000000,0.000000,0.000000,0.000000,0.000000,0.000000,0.000000,0.000000,0.000000],