{"b":[20.000000,19.986448,19.969024,19.970445,19.971722,19.972866,19.973865,19.974727,19.975457,19.976069,19.976574,19.976986,19.977320,19.977591,19.977813,19.977999,19.978159,19.978306,19.978447,19.978591,19.978742,19.978906,19.979085,19.979282,19.979498,19.979733,19.979986,19.980256,19.980543,19.980842],"bstar":[0.000000,-0.005384,0.000134,0.000621,0.000348,0.000450,0.000346,0.000340,0.000278,0.000242,0.000193,0.000153,0.000112,0.000076,0.000043,0.000014,-0.000010,-0.000030,-0.000047,-0.000059,-0.000068,-0.000075,-0.000078,-0.000080,-0.000079,-0.000077,-0.000074,-0.000071,-0.000066,-0.000062],"cad":[0.738916,1.460817,0.578277,0.580429,0.602243,0.616480,0.635982,0.653005,0.670625,0.686535,0.701384,0.714462,0.725906,0.735540,0.743457,0.749695,0.754386,0.757665,0.759698,0.760651,0.760701,0.760017,0.758759,0.757077,0.755107,0.752965,0.750755,0.748560,0.746449,0.744474],"d":[50.000000,49.728657,49.974902,49.972653,49.964960,49.960618,49.955267,49.951281,49.947515,49.944596,49.942202,49.940472,49.939285,49.938634,49.938443,49.938663,49.939229,49.940083,49.941166,49.942425,49.943810,49.945278,49.946790,49.948314,49.949824,49.951297,49.952718,49.954075,49.955360,49.956570],"dc":[0.000000,0.731295,0.558323,0.391475,0.249738,0.124065,0.020042,-0.065446,-0.131932,-0.181505,-0.215446,-0.235792,-0.244376,-0.243196,-0.234119,-0.218947,-0.199322,-0.176724,-0.152449,-0.127601,-0.103093,-0.079656,-0.057848,-0.038067,-0.020573,-0.005502,0.007115,0.017330,0.025263,0.031087],"grants":[5.000000,5.000000,5.000000,5.000000,5.000000,5.000000,5.000000,5.000000,5.000000,5.000000,5.000000,5.000000,5.000000,5.000000,5.000000,5.000000,5.000000,5.000000,5.000000,5.000000,5.000000,5.000000,5.000000,5.000000,5.000000,5.000000,5.000000,5.000000,5.000000,5.000000],"iz":[6.000000,7.032689,6.003013,6.003283,6.004208,6.004730,6.005373,6.005852,6.006305,6.006656,6.006944,6.007152,6.007295,6.007373,6.007396,6.007369,6.007301,6.007199,6.007068,6.006917,6.006750,6.006574,6.006392,6.006209,6.006027,6.005850,6.005679,6.005516,6.005362,6.005216],"oilr":[0.000000,0.000000,0.000000,0.000000,0.000000,0.000000,0.000000,0.000000,0.000000,0.000000,0.000000,0.000000,0.000000,0.000000,0.000000,0.000000,0.000000,0.000000,0.000000,0.000000,0.000000,0.000000,0.000000,0.000000,0.000000,0.000000,0.000000,0.000000,0.000000,0.000000],"pfd":[-0.935961,-0.207540,-1.151843,-1.125848,-1.101875,-1.075406,-1.050293,-1.025780,-1.003214,-0.982606,-0.964425,-0.948705,-0.935533,-0.924826,-0.916475,-0.910295,-0.906077,-0.903584,-0.902571,-0.902788,-0.903996,-0.905969,-0.908497,-0.911394,-0.914497,-0.917667,-0.920788,-0.923770,-0.926542,-0.929056],"totaldebt":[70.000000,70.446400,70.502248,70.334573,70.186421,70.057549,69.949173,69.860562,69.791040,69.739159,69.703329,69.681666,69.672229,69.673029,69.682137,69.697714,69.718067,69.741665,69.767164,69.793415,69.819459,69.844528,69.868028,69.889530,69.908749,69.925528,69.939819,69.951661,69.961166,69.968499],"p":[100.000000,100.477518,99.895262,99.906871,99.928640,99.943051,99.958753,99.971044,99.982239,99.991143,99.998462,100.003989,100.008041,100.010702,100.012195,100.012682,100.012354,100.011378,100.009917,100.008114,100.006097,100.003978,100.001848,99.999783,99.997842,99.996067,99.994490,99.993126,99.991985,99.991064],"pk":[200.000000,201.101327,199.758894,199.785608,199.835712,199.868883,199.905029,199.933326,199.959102,199.979606,199.996458,200.009186,200.018518,200.024645,200.028084,200.029205,200.028450,200.026203,200.022838,200.018685,200.014041,200.009160,200.004256,199.999501,199.995030,199.990944,199.987311,199.984172,199.981543,199.979422],"pn":[100.000000,101.101327,99.758894,99.785608,99.835712,99.868883,99.905029,99.933326,99.959102,99.979606,99.996458,100.009186,100.018518,100.024645,100.028084,100.029205,100.028450,100.026203,100.022838,100.018685,100.014041,100.009160,100.004256,99.999501,99.995030,99.990944,99.987311,99.984172,99.981543,99.979422],"pz":[200.000000,201.101327,199.758894,199.785608,199.835712,199.868883,199.905029,199.933326,199.959102,199.979606,199.996458,200.009186,200.018518,200.024645,200.028084,200.029205,200.028450,200.026203,200.022838,200.018685,200.014041,200.009160,200.004256,199.999501,199.995030,199.990944,199.987311,199.984172,199.981543,199.979422],"px":[100.000000,100.000000,100.000000,100.000000,100.000000,100.000000,100.000000,100.000000,100.000000,100.000000,100.000000,100.000000,100.000000,100.000000,100.000000,100.000000,100.000000,100.000000,100.000000,100.000000,100.000000,100.000000,100.000000,100.000000,100.000000,100.000000,100.000000,100.000000,100.000000,100.000000],"pm":[100.000000,100.000000,100.000000,100.000000,100.000000,100.000000,100.000000,100.000000,100.000000,100.000000,100.000000,100.000000,100.000000,100.000000,100.000000,100.000000,100.000000,100.000000,100.000000,100.000000,100.000000,100.000000,100.000000,100.000000,100.000000,100.000000,100.000000,100.000000,100.000000,100.000000],"pmm":[100.000000,100.000000,100.000000,100.000000,100.000000,100.000000,100.000000,100.000000,100.000000,100.000000,100.000000,100.000000,100.000000,100.000000,100.000000,100.000000,100.000000,100.000000,100.000000,100.000000,100.000000,100.000000,100.000000,100.000000,100.000000,100.000000,100.000000,100.000000,100.000000,100.000000],"tot":[100.000000,100.000000,100.000000,100.000000,100.000000,100.000000,100.000000,100.000000,100.000000,100.000000,100.000000,100.000000,100.000000,100.000000,100.000000,100.000000,100.000000,100.000000,100.000000,100.000000,100.000000,100.000000,100.000000,100.000000,100.000000,100.000000,100.000000,100.000000,100.000000,100.000000],"totmm":[100.000000,100.000000,100.000000,100.000000,100.000000,100.000000,100.000000,100.000000,100.000000,100.000000,100.000000,100.000000,100.000000,100.000000,100.000000,100.000000,100.000000,100.000000,100.000000,100.000000,100.000000,100.000000,100.000000,100.000000,100.000000,100.000000,100.000000,100.000000,100.000000,100.000000],"ynom":[100.000000,100.545648,100.050222,100.054724,100.070128,100.078826,100.089546,100.097533,100.105081,100.110931,100.115730,100.119197,100.121579,100.122883,100.123266,100.122824,100.121690,100.119978,100.117807,100.115283,100.112506,100.109564,100.106533,100.103479,100.100454,100.097501,100.094654,100.091935,100.089359,100.086935],"growth":[1.500000,1.510720,1.832927,1.482770,1.481892,1.485028,1.486222,1.488437,1.490042,1.491804,1.493270,1.494635,1.495776,1.496747,1.497522,1.498125,1.498563,1.498854,1.499016,1.499068,1.499029,1.498919,1.498754,1.498551,1.498324,1.498086,1.497848,1.497618,1.497402,1.497207],"h":[15.000000,15.146914,15.131639,15.113855,15.096732,15.079000,15.062141,15.046065,15.031342,15.018060,15.006424,14.996461,14.988189,14.981546,14.976444,14.972756,14.970339,14.969034,14.968678,14.969108,14.970166,14.971707,14.973594,14.975706,14.977939,14.980203,14.982425,14.984547,14.986524,14.988326],"r":[10.000000,10.045384,10.001951,10.044394,10.022426,10.032271,10.024600,10.025119,10.020824,10.018641,10.015195,10.012391,10.009382,10.006711,10.004179,10.001945,9.999963,9.998272,9.996853,9.995703,9.994802,9.994129,9.993660,9.993370,9.993232,9.993220,9.993310,9.993478,9.993704,9.993968],"rstar":[10.000000,10.000000,10.000000,10.000000,10.000000,10.000000,10.000000,10.000000,10.000000,10.000000,10.000000,10.000000,10.000000,10.000000,10.000000,10.000000,10.000000,10.000000,10.000000,10.000000,10.000000,10.000000,10.000000,10.000000,10.000000,10.000000,10.000000,10.000000,10.000000,10.000000],"r_dc":[6.000000,6.000000,6.000000,6.000000,6.000000,6.000000,6.000000,6.000000,6.000000,6.000000,6.000000,6.000000,6.000000,6.000000,6.000000,6.000000,6.000000,6.000000,6.000000,6.000000,6.000000,6.000000,6.000000,6.000000,6.000000,6.000000,6.000000,6.000000,6.000000,6.000000],