{"b":[20.000000,20.000000,20.000000,20.000000,20.000000,20.000000,20.000000,20.000000,20.000000,20.000000,20.000000,20.000000,20.000000,20.000000,20.000000,20.000000,20.000000,20.000000,20.000000,20.000000,20.000000,20.000000,20.000000,20.000000,20.000000,20.000000,20.000000,20.000000,20.000000,20.000000],"bstar":[0.000000,0.020322,-0.004956,0.001155,-0.000234,0.000070,-0.000010,-0.000001,-0.000012,-0.000018,-0.000024,-0.000030,-0.000035,-0.000040,-0.000044,-0.000048,-0.000051,-0.000054,-0.000057,-0.000060,-0.000062,-0.000064,-0.000066,-0.000067,-0.000068,-0.000069,-0.000070,-0.000071,-0.000072,-0.000072],"d":[50.000000,50.000000,50.000000,50.000000,50.000000,50.000000,50.000000,50.000000,50.000000,50.000000,50.000000,50.000000,50.000000,50.000000,50.000000,50.000000,50.000000,50.000000,50.000000,50.000000,50.000000,50.000000,50.000000,50.000000,50.000000,50.000000,50.000000,50.000000,50.000000,50.000000],"dc":[0.000000,0.000000,0.000000,0.000000,0.000000,0.000000,0.000000,0.000000,0.000000,0.000000,0.000000,0.000000,0.000000,0.000000,0.000000,0.000000,0.000000,0.000000,0.000000,0.000000,0.000000,0.000000,0.000000,0.000000,0.000000,0.000000,0.000000,0.000000,0.000000,0.000000],"e":[47.446143,47.127141,47.572738,47.542358,47.548234,47.546007,47.545575,47.544691,47.543864,47.542980,47.542066,47.541116,47.540135,47.539124,47.538085,47.537020,47.535931,47.534820,47.533691,47.532544,47.531383,47.530209,47.529024,47.527831,47.526630,47.525425,47.524216,47.523005,47.521795,47.520585],"eh":[35.748439,34.800805,35.632191,35.911668,35.845257,35.857576,35.852130,35.850789,35.848590,35.846651,35.844715,35.842835,35.840995,35.839196,35.837435,35.835710,35.834020,35.832363,35.830737,35.829143,35.827577,35.826041,35.824532,35.823050,35.821596,35.820167,35.818763,35.817385,35.816031,35.814702],"GAP":[0.000000,2.196477,0.445841,-0.168949,-0.027503,-0.057754,-0.049142,-0.049413,-0.047740,-0.046572,-0.045349,-0.044195,-0.043078,-0.042002,-0.040963,-0.039959,-0.038989,-0.038051,-0.037142,-0.036262,-0.035409,-0.034581,-0.033778,-0.032998,-0.032241,-0.031505,-0.030789,-0.030093,-0.029415,-0.028756],"grants":[5.000000,5.007249,5.014166,5.014900,5.014363,5.014139,5.013855,5.013594,5.013336,5.013086,5.012842,5.012602,5.012368,5.012139,5.011914,5.011693,5.011476,5.011262,5.011053,5.010847,5.010644,5.010444,5.010248,5.010055,5.009865,5.009678,5.009494,5.009313,5.009134,5.008959],"h":[0.150000,0.163405,0.152679,0.148988,0.149835,0.149654,0.149705,0.149704,0.149714,0.149721,0.149728,0.149735,0.149742,0.149748,0.149754,0.149760,0.149766,0.149772,0.149777,0.149783,0.149788,0.149793,0.149797,0.149802,0.149807,0.149811,0.149815,0.149819,0.149824,0.149827],"in":[5.886833,5.715068,5.958333,5.901534,5.913462,5.909891,5.909877,5.909095,5.908522,5.907933,5.907378,5.906843,5.906329,5.905835,5.905359,5.904900,5.904457,5.904029,5.903616,5.903215,5.902828,5.902452,5.902088,5.901735,5.901392,5.901059,5.900736,5.900421,5.900115,5.899817],"ix":[4.385333,4.256875,4.438380,4.396323,4.405415,4.402934,4.403076,4.402622,4.402304,4.401957,4.401620,4.401284,4.400952,4.400625,4.400302,4.399984,4.399672,4.399365,4.399064,4.398768,4.398478,4.398194,4.397916,4.397644,4.397377,4.397116,4.396861,4.396611,4.396367,4.396128],"iz":[3.000000,3.999934,3.007866,3.008562,3.008338,3.008313,3.008234,3.008160,3.008079,3.007994,3.007904,3.007812,3.007716,3.007617,3.007516,3.007413,3.007309,3.007204,3.007097,3.006990,3.006882,3.006774,3.006665,3.006557,3.006449,3.006341,3.006233,3.006127,3.006020,3.005915],"kn":[90.566667,90.397440,90.478720,90.498835,90.529414,90.554517,90.577999,90.599206,90.618489,90.635959,90.651762,90.666026,90.678871,90.690407,90.700734,90.709948,90.718136,90.725377,90.731748,90.737316,90.742146,90.746296,90.749822,90.752775,90.755200,90.757142,90.758641,90.759734,90.760455,90.760837],"kx":[67.466667,67.340106,67.400474,67.415540,67.438599,67.457737,67.475790,67.492239,67.507322,67.521097,67.533657,67.545082,67.555448,67.564828,67.573289,67.580895,67.587707,67.593780,67.599167,67.603918,67.608079,67.611694,67.614803,67.617445,67.619655,67.621466,67.622910,67.624015,67.624809,67.625317],"L_n":[22.230000,22.307286,22.233791,22.232895,22.232035,22.231413,22.230829,22.230315,22.229857,22.229449,22.229088,22.228767,22.228484,22.228234,22.228013,22.227820,22.227651,22.227504,22.227377,22.227267,22.227174,22.227095,22.227029,22.226975,22.226931,22.226897,22.226871,22.226853,22.226842,22.226837],"L_x":[30.360000,30.282714,30.356209,30.357105,30.357965,30.358587,30.359171,30.359685,30.360143,30.360551,30.360912,30.361233,30.361516,30.361766,30.361987,30.362180,30.362349,30.362496,30.362623,30.362733,30.362826,30.362905,30.362971,30.363025,30.363069,30.363103,30.363129,30.363147,30.363158,30.363163],"oilr":[0.000000,0.000000,0.000000,0.000000,0.000000,0.000000,0.000000,0.000000,0.000000,0.000000,0.000000,0.000000,0.000000,0.000000,0.000000,0.000000,0.000000,0.000000,0.000000,0.000000,0.000000,0.000000,0.000000,0.000000,0.000000,0.000000,0.000000,0.000000,0.000000,0.000000],"p":[1.000000,1.001273,1.000183,1.000109,1.000081,1.000049,1.000023,0.999999,0.999978,0.999959,0.999942,0.999928,0.999915,0.999904,0.999894,0.999885,0.999878,0.999871,0.999866,0.999861,0.999857,0.999854,0.999851,0.999849,0.999847,0.999846,0.999845,0.999844,0.999844,0.999844],"pk":[2.000000,2.002933,2.000421,2.000252,2.000186,2.000113,2.000052,1.999997,1.999949,1.999905,1.999867,1.999834,1.999804,1.999778,1.999755,1.999735,1.999718,1.999703,1.999691,1.999680,1.999670,1.999663,1.999657,1.999651,1.999648,1.999645,1.999643,1.999641,1.999641,1.999641],"pn":[1.000000,1.002933,1.000421,1.000252,1.000186,1.000113,1.000052,0.999997,0.999949,0.999905,0.999867,0.999834,0.999804,0.999778,0.999755,0.999735,0.999718,0.999703,0.999691,0.999680,0.999670,0.999663,0.999657,0.999651,0.999648,0.999645,0.999643,0.999641,0.999641,0.999641],"pz":[2.000000,2.002933,2.000421,2.000252,2.000186,2.000113,2.000052,1.999997,1.999949,1.999905,1.999867,1.999834,1.999804,1.999778,1.999755,1.999735,1.999718,1.999703,1.999691,1.999680,1.999670,1.999663,1.999657,1.999651,1.999648,1.999645,1.999643,1.999641,1.999641,1.999641],"px":[1.000000,1.000000,1.000000,1.000000,1.000000,1.000000,1.000000,1.000000,1.000000,1.000000,1.000000,1.000000,1.000000,1.000000,1.000000,1.000000,1.000000,1.000000,1.000000,1.000000,1.000000,1.000000,1.000000,1.000000,1.000000,1.000000,1.000000,1.000000,1.000000,1.000000],"pm":[1.000000,1.000000,1.000000,1.000000,1.000000,1.000000,1.000000,1.000000,1.000000,1.000000,1.000000,1.000000,1.000000,1.000000,1.000000,1.000000,1.000000,1.000000,1.000000,1.000000,1.000000,1.000000,1.000000,1.000000,1.000000,1.000000,1.000000,1.000000,1.000000,1.000000],"pmm":[1.000000,1.000000,1.000000,1.000000,1.000000,1.000000,1.000000,1.000000,1.000000,1.000000,1.000000,1.000000,1.000000,1.000000,1.000000,1.000000,1.000000,1.000000,1.000000,1.000000,1.000000,1.000000,1.000000,1.000000,1.000000,1.000000,1.000000,1.000000,1.000000,1.000000],"qn":[49.400000,49.477212,49.526493,49.540412,49.536667,49.536834,49.535914,49.535060,49.534030,49.532898,49.531664,49.530341,49.528941,49.527473,49.525947,49.524370,49.522750,49.521093,49.519406,49.517694,49.515962,49.514215,49.512457,49.510692,49.508922,49.507152,49.505384,49.503620,49.501862,49.500114],"qx":[50.600000,50.522675,50.735955,50.745137,50.741379,50.740325,50.738590,50.736954,50.735244,50.733508,50.731739,50.729944,50.728128,50.726294,50.724446,50.722586,50.720720,50.718848,50.716975,50.715102,50.713232,50.711367,50.709509,50.707660,50.705822,50.703996,50.702183,50.700385,50.698604,50.696839],"r":[0.100000,0.124041,0.094657,0.101303,0.099777,0.100106,0.100016,0.100022,0.100007,0.099998,0.099989,0.099981,0.099974,0.099967,0.099961,0.099956,0.099951,0.099946,0.099942,0.099939,0.099936,0.099933,0.099930,0.099928,0.099926,0.099925,0.099923,0.099922,0.099921,0.099920],