{"b":[20.000000,20.000000,20.000000,20.000000,20.000000,20.000000,20.000000,20.000000,20.000000,20.000000,20.000000,20.000000,20.000000,20.000000,20.000000,20.000000,20.000000,20.000000,20.000000,20.000000,20.000000,20.000000,20.000000,20.000000,20.000000,20.000000,20.000000,20.000000,20.000000,20.000000],"bstar":[0.000000,0.000000,0.000000,0.000000,0.000000,0.000000,0.000000,0.000000,0.000000,0.000000,0.000000,0.000000,0.000000,0.000000,0.000000,0.000000,0.000000,0.000000,0.000000,0.000000,0.000000,0.000000,0.000000,0.000000,0.000000,0.000000,0.000000,0.000000,0.000000,0.000000],"d":[50.000000,50.000000,50.000000,50.000000,50.000000,50.000000,50.000000,50.000000,50.000000,50.000000,50.000000,50.000000,50.000000,50.000000,50.000000,50.000000,50.000000,50.000000,50.000000,50.000000,50.000000,50.000000,50.000000,50.000000,50.000000,50.000000,50.000000,50.000000,50.000000,50.000000],"dc":[0.000000,0.000000,0.000000,0.000000,0.000000,0.000000,0.000000,0.000000,0.000000,0.000000,0.000000,0.000000,0.000000,0.000000,0.000000,0.000000,0.000000,0.000000,0.000000,0.000000,0.000000,0.000000,0.000000,0.000000,0.000000,0.000000,0.000000,0.000000,0.000000,0.000000],"e":[47.446143,47.446143,47.446143,47.446143,47.446143,47.446143,47.446143,47.446143,47.446143,47.446143,47.446143,47.446143,47.446143,47.446143,47.446143,47.446143,47.446143,47.446143,47.446143,47.446143,47.446143,47.446143,47.446143,47.446143,47.446143,47.446143,47.446143,47.446143,47.446143,47.446143],"eh":[35.748439,35.748439,35.748439,35.748439,35.748439,35.748439,35.748439,35.748439,35.748439,35.748439,35.748439,35.748439,35.748439,35.748439,35.748439,35.748439,35.748439,35.748439,35.748439,35.748439,35.748439,35.748439,35.748439,35.748439,35.748439,35.748439,35.748439,35.748439,35.748439,35.748439],"GAP":[0.000000,0.000000,0.000000,0.000000,0.000000,0.000000,0.000000,0.000000,0.000000,0.000000,0.000000,0.000000,0.000000,0.000000,0.000000,0.000000,0.000000,0.000000,0.000000,0.000000,0.000000,0.000000,0.000000,0.000000,0.000000,0.000000,0.000000,0.000000,0.000000,0.000000],"grants":[5.000000,5.000000,5.000000,5.000000,5.000000,5.000000,5.000000,5.000000,5.000000,5.000000,5.000000,5.000000,5.000000,5.000000,5.000000,5.000000,5.000000,5.000000,5.000000,5.000000,5.000000,5.000000,5.000000,5.000000,5.000000,5.000000,5.000000,5.000000,5.000000,5.000000],"h":[0.150000,0.150000,0.150000,0.150000,0.150000,0.150000,0.150000,0.150000,0.150000,0.150000,0.150000,0.150000,0.150000,0.150000,0.150000,0.150000,0.150000,0.150000,0.150000,0.150000,0.150000,0.150000,0.150000,0.150000,0.150000,0.150000,0.150000,0.150000,0.150000,0.150000],"in":[5.886833,5.886833,5.886833,5.886833,5.886833,5.886833,5.886833,5.886833,5.886833,5.886833,5.886833,5.886833,5.886833,5.886833,5.886833,5.886833,5.886833,5.886833,5.886833,5.886833,5.886833,5.886833,5.886833,5.886833,5.886833,5.886833,5.886833,5.886833,5.886833,5.886833],"ix":[4.385333,4.385333,4.385333,4.385333,4.385333,4.385333,4.385333,4.385333,4.385333,4.385333,4.385333,4.385333,4.385333,4.385333,4.385333,4.385333,4.385333,4.385333,4.385333,4.385333,4.385333,4.385333,4.385333,4.385333,4.385333,4.385333,4.385333,4.385333,4.385333,4.385333],"iz":[3.000000,3.000000,3.000000,3.000000,3.000000,3.000000,3.000000,3.000000,3.000000,3.000000,3.000000,3.000000,3.000000,3.000000,3.000000,3.000000,3.000000,3.000000,3.000000,3.000000,3.000000,3.000000,3.000000,3.000000,3.000000,3.000000,3.000000,3.000000,3.000000,3.000000],"kn":[90.566667,90.566667,90.566667,90.566667,90.566667,90.566667,90.566667,90.566667,90.566667,90.566667,90.566667,90.566667,90.566667,90.566667,90.566667,90.566667,90.566667,90.566667,90.566667,90.566667,90.566667,90.566667,90.566667,90.566667,90.566667,90.566667,90.566667,90.566667,90.566667,90.566667],"kx":[67.466667,67.466667,67.466667,67.466667,67.466667,67.466667,67.466667,67.466667,67.466667,67.466667,67.466667,67.466667,67.466667,67.466667,67.466667,67.466667,67.466667,67.466667,67.466667,67.466667,67.466667,67.466667,67.466667,67.466667,67.466667,67.466667,67.466667,67.466667,67.466667,67.466667],"L_n":[22.230000,22.230000,22.230000,22.230000,22.230000,22.230000,22.230000,22.230000,22.230000,22.230000,22.230000,22.230000,22.230000,22.230000,22.230000,22.230000,22.230000,22.230000,22.230000,22.230000,22.230000,22.230000,22.230000,22.230000,22.230000,22.230000,22.230000,22.230000,22.230000,22.230000],"L_x":[30.360000,30.360000,30.360000,30.360000,30.360000,30.360000,30.360000,30.360000,30.360000,30.360000,30.360000,30.360000,30.360000,30.360000,30.360000,30.360000,30.360000,30.360000,30.360000,30.360000,30.360000,30.360000,30.360000,30.360000,30.360000,30.360000,30.360000,30.360000,30.360000,30.360000],"oilr":[0.000000,0.000000,0.000000,0.000000,0.000000,0.000000,0.000000,0.000000,0.000000,0.000000,0.000000,0.000000,0.000000,0.000000,0.000000,0.000000,0.000000,0.000000,0.000000,0.000000,0.000000,0.000000,0.000000,0.000000,0.000000,0.000000,0.000000,0.000000,0.000000,0.000000],"p":[1.000000,1.000000,1.000000,1.000000,1.000000,1.000000,1.000000,1.000000,1.000000,1.000000,1.000000,1.000000,1.000000,1.000000,1.000000,1.000000,1.000000,1.000000,1.000000,1.000000,1.000000,1.000000,1.000000,1.000000,1.000000,1.000000,1.000000,1.000000,1.000000,1.000000],"pk":[2.000000,2.000000,2.000000,2.000000,2.000000,2.000000,2.000000,2.000000,2.000000,2.000000,2.000000,2.000000,2.000000,2.000000,2.000000,2.000000,2.000000,2.000000,2.000000,2.000000,2.000000,2.000000,2.000000,2.000000,2.000000,2.000000,2.000000,2.000000,2.000000,2.000000],"pn":[1.000000,1.000000,1.000000,1.000000,1.000000,1.000000,1.000000,1.000000,1.000000,1.000000,1.000000,1.000000,1.000000,1.000000,1.000000,1.000000,1.000000,1.000000,1.000000,1.000000,1.000000,1.000000,1.000000,1.000000,1.000000,1.000000,1.000000,1.000000,1.000000,1.000000],"pz":[2.000000,2.000000,2.000000,2.000000,2.000000,2.000000,2.000000,2.000000,2.000000,2.000000,2.000000,2.000000,2.000000,2.000000,2.000000,2.000000,2.000000,2.000000,2.000000,2.000000,2.000000,2.000000,2.000000,2.000000,2.000000,2.000000,2.000000,2.000000,2.000000,2.000000],"qn":[49.400000,49.400000,49.400000,49.400000,49.400000,49.400000,49.400000,49.400000,49.400000,49.400000,49.400000,49.400000,49.400000,49.400000,49.400000,49.400000,49.400000,49.400000,49.400000,49.400000,49.400000,49.400000,49.400000,49.400000,49.400000,49.400000,49.400000,49.400000,49.400000,49.400000],"qx":[50.600000,50.600000,50.600000,50.600000,50.600000,50.600000,50.600000,50.600000,50.600000,50.600000,50.600000,50.600000,50.600000,50.600000,50.600000,50.600000,50.600000,50.600000,50.600000,50.600000,50.600000,50.600000,50.600000,50.600000,50.600000,50.600000,50.600000,50.600000,50.600000,50.600000],"r":[0.100000,0.100000,0.100000,0.100000,0.100000,0.100000,0.100000,0.100000,0.100000,0.100000,0.100000,0.100000,0.100000,0.100000,0.100000,0.100000,0.100000,0.100000,0.100000,0.100000,0.100000,0.100000,0.100000,0.100000,0.100000,0.100000,0.100000,0.100000,0.100000,0.100000],"r_d":[0.000000,0.000000,0.000000,0.000000,0.000000,0.000000,0.000000,0.000000,0.000000,0.000000,0.000000,0.000000,0.000000,0.000000,0.000000,0.000000,0.000000,0.000000,0.000000,0.000000,0.000000,0.000000,0.000000,0.000000,0.000000,0.000000,0.000000,0.000000,0.000000,0.000000],"rstar":[0.100000,0.100000,0.100000,0.100000,0.100000,0.100000,0.100000,0.100000,0.100000,0.100000,0.100000,0.100000,0.100000,0.100000,0.100000,0.100000,0.100000,0.100000,0.100000,0.100000,0.100000,0.100000,0.100000,0.100000,0.100000,0.100000,0.100000,0.100000,0.100000,0.100000],"r_dc":[0.060000,0.060000,0.060000,0.060000,0.060000,0.060000,0.060000,0.060000,0.060000,0.060000,0.060000,0.060000,0.060000,0.060000,0.060000,0.060000,0.060000,0.060000,0.060000,0.060000,0.060000,0.060000,0.060000,0.060000,0.060000,0.060000,0.060000,0.060000,0.060000,0.060000],