{"b":[20.000000,20.000000,20.000000,20.000000,20.000000,20.000000,20.000000,20.000000,20.000000,20.000000,20.000000,20.000000,20.000000,20.000000,20.000000,20.000000,20.000000,20.000000,20.000000,20.000000,20.000000,20.000000,20.000000,20.000000,20.000000,20.000000,20.000000,20.000000,20.000000,20.000000],"bstar":[0.000000,0.040728,-0.010107,0.002339,-0.000468,0.000144,-0.000015,0.000001,-0.000021,-0.000033,-0.000045,-0.000057,-0.000067,-0.000077,-0.000085,-0.000093,-0.000100,-0.000106,-0.000112,-0.000117,-0.000122,-0.000126,-0.000129,-0.000132,-0.000135,-0.000137,-0.000139,-0.000140,-0.000141,-0.000142],"d":[50.000000,50.000000,50.000000,50.000000,50.000000,50.000000,50.000000,50.000000,50.000000,50.000000,50.000000,50.000000,50.000000,50.000000,50.000000,50.000000,50.000000,50.000000,50.000000,50.000000,50.000000,50.000000,50.000000,50.000000,50.000000,50.000000,50.000000,50.000000,50.000000,50.000000],"dc":[0.000000,0.000000,0.000000,0.000000,0.000000,0.000000,0.000000,0.000000,0.000000,0.000000,0.000000,0.000000,0.000000,0.000000,0.000000,0.000000,0.000000,0.000000,0.000000,0.000000,0.000000,0.000000,0.000000,0.000000,0.000000,0.000000,0.000000,0.000000,0.000000,0.000000],"e":[47.446143,46.798138,47.697826,47.636075,47.648089,47.643697,47.642921,47.641229,47.639645,47.637941,47.636172,47.634328,47.632417,47.630442,47.628408,47.626320,47.624182,47.621999,47.619776,47.617517,47.615227,47.612910,47.610571,47.608212,47.605840,47.603456,47.601065,47.598669,47.596272,47.593877],"eh":[35.748439,33.860265,35.503499,36.074276,35.939675,35.964755,35.953911,35.951325,35.947006,35.943201,35.939393,35.935693,35.932068,35.928521,35.925046,35.921639,35.918298,35.915021,35.911805,35.908648,35.905548,35.902504,35.899514,35.896577,35.893693,35.890859,35.888075,35.885341,35.882655,35.880016],"GAP":[0.000000,4.399304,0.916065,-0.340478,-0.053681,-0.114918,-0.097613,-0.098192,-0.094866,-0.092548,-0.090121,-0.087828,-0.085609,-0.083471,-0.081407,-0.079412,-0.077484,-0.075618,-0.073811,-0.072061,-0.070364,-0.068718,-0.067121,-0.065570,-0.064063,-0.062599,-0.061175,-0.059791,-0.058443,-0.057132],"grants":[5.000000,5.014591,5.027978,5.029486,5.028420,5.027990,5.027436,5.026928,5.026426,5.025936,5.025457,5.024988,5.024528,5.024076,5.023633,5.023197,5.022769,5.022348,5.021934,5.021527,5.021125,5.020731,5.020342,5.019960,5.019583,5.019213,5.018848,5.018489,5.018135,5.017788],"h":[0.150000,0.177271,0.155505,0.147966,0.149679,0.149313,0.149416,0.149413,0.149433,0.149446,0.149461,0.149475,0.149488,0.149501,0.149513,0.149525,0.149536,0.149547,0.149558,0.149569,0.149579,0.149589,0.149598,0.149607,0.149616,0.149625,0.149634,0.149642,0.149650,0.149658],"in":[5.886833,5.540740,6.030976,5.915304,5.939523,5.932379,5.932404,5.930878,5.929766,5.928620,5.927537,5.926491,5.925485,5.924515,5.923580,5.922677,5.921805,5.920961,5.920145,5.919354,5.918588,5.917845,5.917125,5.916425,5.915746,5.915086,5.914444,5.913820,5.913213,5.912622],"ix":[4.385333,4.126472,4.492255,4.406595,4.425049,4.420084,4.420407,4.419529,4.418918,4.418248,4.417593,4.416940,4.416293,4.415652,4.415020,4.414397,4.413782,4.413178,4.412584,4.412001,4.411429,4.410868,4.410318,4.409778,4.409251,4.408734,4.408228,4.407733,4.407248,4.406775],"iz":[3.000000,4.999846,3.015487,3.016929,3.016485,3.016445,3.016296,3.016156,3.016000,3.015836,3.015663,3.015482,3.015295,3.015102,3.014905,3.014703,3.014498,3.014290,3.014080,3.013868,3.013655,3.013442,3.013228,3.013013,3.012799,3.012586,3.012373,3.012162,3.011951,3.011742],"kn":[90.566667,90.225688,90.389537,90.428930,90.489661,90.539465,90.586105,90.628254,90.666608,90.701377,90.732852,90.761281,90.786899,90.809920,90.830546,90.848961,90.865338,90.879834,90.892598,90.903766,90.913464,90.921809,90.928909,90.934866,90.939772,90.943714,90.946771,90.949018,90.950522,90.951348],"kx":[67.466667,67.211631,67.333304,67.362792,67.408573,67.446531,67.482376,67.515060,67.545050,67.572458,67.597466,67.620229,67.640897,67.659610,67.676503,67.691699,67.705316,67.717467,67.728254,67.737776,67.746124,67.753385,67.759639,67.764961,67.769422,67.773088,67.776022,67.778279,67.779915,67.780979],"L_n":[22.230000,22.385305,22.237957,22.235810,22.234091,22.232855,22.231696,22.230676,22.229766,22.228956,22.228237,22.227600,22.227036,22.226538,22.226099,22.225714,22.225377,22.225083,22.224829,22.224610,22.224422,22.224264,22.224131,22.224022,22.223933,22.223864,22.223812,22.223775,22.223752,22.223741],"L_x":[30.360000,30.204695,30.352043,30.354190,30.355909,30.357145,30.358304,30.359324,30.360234,30.361044,30.361763,30.362400,30.362964,30.363462,30.363901,30.364286,30.364623,30.364917,30.365171,30.365390,30.365578,30.365736,30.365869,30.365978,30.366067,30.366136,30.366188,30.366225,30.366248,30.366259],"oilr":[0.000000,0.000000,0.000000,0.000000,0.000000,0.000000,0.000000,0.000000,0.000000,0.000000,0.000000,0.000000,0.000000,0.000000,0.000000,0.000000,0.000000,0.000000,0.000000,0.000000,0.000000,0.000000,0.000000,0.000000,0.000000,0.000000,0.000000,0.000000,0.000000,0.000000],"p":[1.000000,1.002559,1.000374,1.000220,1.000163,1.000101,1.000048,1.000000,0.999958,0.999921,0.999888,0.999859,0.999833,0.999811,0.999791,0.999774,0.999759,0.999746,0.999735,0.999725,0.999717,0.999711,0.999705,0.999701,0.999697,0.999695,0.999693,0.999692,0.999691,0.999691],"pk":[2.000000,2.005898,2.000862,2.000506,2.000376,2.000232,2.000110,2.000001,1.999904,1.999818,1.999742,1.999675,1.999616,1.999565,1.999519,1.999480,1.999445,1.999415,1.999390,1.999368,1.999350,1.999334,1.999321,1.999311,1.999303,1.999297,1.999293,1.999291,1.999289,1.999290],"pn":[1.000000,1.005898,1.000862,1.000506,1.000376,1.000232,1.000110,1.000001,0.999904,0.999818,0.999742,0.999675,0.999616,0.999565,0.999519,0.999480,0.999445,0.999415,0.999390,0.999368,0.999350,0.999334,0.999321,0.999311,0.999303,0.999297,0.999293,0.999291,0.999289,0.999290],"pz":[2.000000,2.005898,2.000862,2.000506,2.000376,2.000232,2.000110,2.000001,1.999904,1.999818,1.999742,1.999675,1.999616,1.999565,1.999519,1.999480,1.999445,1.999415,1.999390,1.999368,1.999350,1.999334,1.999321,1.999311,1.999303,1.999297,1.999293,1.999291,1.999289,1.999290],"px":[1.000000,1.000000,1.000000,1.000000,1.000000,1.000000,1.000000,1.000000,1.000000,1.000000,1.000000,1.000000,1.000000,1.000000,1.000000,1.000000,1.000000,1.000000,1.000000,1.000000,1.000000,1.000000,1.000000,1.000000,1.000000,1.000000,1.000000,1.000000,1.000000,1.000000],"pm":[1.000000,1.000000,1.000000,1.000000,1.000000,1.000000,1.000000,1.000000,1.000000,1.000000,1.000000,1.000000,1.000000,1.000000,1.000000,1.000000,1.000000,1.000000,1.000000,1.000000,1.000000,1.000000,1.000000,1.000000,1.000000,1.000000,1.000000,1.000000,1.000000,1.000000],"pmm":[1.000000,1.000000,1.000000,1.000000,1.000000,1.000000,1.000000,1.000000,1.000000,1.000000,1.000000,1.000000,1.000000,1.000000,1.000000,1.000000,1.000000,1.000000,1.000000,1.000000,1.000000,1.000000,1.000000,1.000000,1.000000,1.000000,1.000000,1.000000,1.000000,1.000000],"qn":[49.400000,49.555008,49.649219,49.677579,49.670134,49.670633,49.668924,49.667339,49.665392,49.663230,49.660854,49.658295,49.655575,49.652714,49.649730,49.646640,49.643460,49.640203,49.636882,49.633509,49.630093,49.626645,49.623172,49.619682,49.616183,49.612680,49.609180,49.605687,49.602206,49.598742],"qx":[50.600000,50.444535,50.867550,50.887011,50.879602,50.877667,50.874336,50.871190,50.867886,50.864517,50.861075,50.857574,50.854022,50.850428,50.846800,50.843146,50.839472,50.835784,50.832090,50.828393,50.824700,50.821014,50.817340,50.813682,50.810044,50.806428,50.802838,50.799277,50.795746,50.792248],"r":[0.100000,0.149207,0.089162,0.102641,0.099554,0.100217,0.100035,0.100047,0.100018,0.100000,0.099982,0.099966,0.099951,0.099937,0.099925,0.099914,0.099904,0.099895,0.099887,0.099880,0.099874,0.099868,0.099863,0.099859,0.099855,0.099851,0.099849,0.099846,0.099844,0.099843],