{"b":[20.000000,20.000000,20.000000,20.000000,20.000000,20.000000,20.000000,20.000000,20.000000,20.000000,20.000000,20.000000,20.000000,20.000000,20.000000,20.000000,20.000000,20.000000,20.000000,20.000000,20.000000,20.000000,20.000000,20.000000,20.000000,20.000000,20.000000,20.000000,20.000000,20.000000],"bstar":[0.000000,0.002029,-0.000487,0.000114,-0.000023,0.000007,-0.000001,-0.000000,-0.000001,-0.000002,-0.000003,-0.000003,-0.000004,-0.000004,-0.000005,-0.000005,-0.000005,-0.000006,-0.000006,-0.000006,-0.000006,-0.000006,-0.000007,-0.000007,-0.000007,-0.000007,-0.000007,-0.000007,-0.000007,-0.000007],"d":[50.000000,50.000000,50.000000,50.000000,50.000000,50.000000,50.000000,50.000000,50.000000,50.000000,50.000000,50.000000,50.000000,50.000000,50.000000,50.000000,50.000000,50.000000,50.000000,50.000000,50.000000,50.000000,50.000000,50.000000,50.000000,50.000000,50.000000,50.000000,50.000000,50.000000],"dc":[0.000000,0.000000,0.000000,0.000000,0.000000,0.000000,0.000000,0.000000,0.000000,0.000000,0.000000,0.000000,0.000000,0.000000,0.000000,0.000000,0.000000,0.000000,0.000000,0.000000,0.000000,0.000000,0.000000,0.000000,0.000000,0.000000,0.000000,0.000000,0.000000,0.000000],"e":[47.446143,47.414686,47.458875,47.455879,47.456455,47.456230,47.456182,47.456091,47.456005,47.455913,47.455819,47.455722,47.455621,47.455518,47.455412,47.455303,47.455193,47.455080,47.454965,47.454849,47.454732,47.454613,47.454493,47.454372,47.454251,47.454129,47.454007,47.453885,47.453762,47.453640],"eh":[35.748439,35.653361,35.737354,35.764797,35.758230,35.759443,35.758896,35.758758,35.758534,35.758337,35.758140,35.757950,35.757763,35.757581,35.757403,35.757228,35.757057,35.756890,35.756726,35.756565,35.756407,35.756252,35.756100,35.755950,35.755804,35.755660,35.755518,35.755379,35.755243,35.755109],"GAP":[0.000000,0.219366,0.043543,-0.016788,-0.002809,-0.005803,-0.004945,-0.004971,-0.004802,-0.004685,-0.004561,-0.004445,-0.004333,-0.004225,-0.004120,-0.004019,-0.003922,-0.003827,-0.003736,-0.003647,-0.003562,-0.003479,-0.003398,-0.003319,-0.003243,-0.003169,-0.003097,-0.003027,-0.002959,-0.002893],"grants":[5.000000,5.000721,5.001433,5.001505,5.001450,5.001427,5.001398,5.001371,5.001345,5.001319,5.001295,5.001270,5.001246,5.001223,5.001200,5.001178,5.001156,5.001134,5.001113,5.001092,5.001072,5.001052,5.001032,5.001012,5.000993,5.000974,5.000956,5.000938,5.000920,5.000902],"h":[0.150000,0.151320,0.150262,0.149899,0.149983,0.149965,0.149970,0.149970,0.149971,0.149972,0.149973,0.149973,0.149974,0.149975,0.149975,0.149976,0.149976,0.149977,0.149978,0.149978,0.149979,0.149979,0.149980,0.149980,0.149981,0.149981,0.149981,0.149982,0.149982,0.149983],"in":[5.886833,5.869769,5.893937,5.888345,5.889523,5.889165,5.889162,5.889081,5.889023,5.888962,5.888905,5.888851,5.888799,5.888748,5.888700,5.888653,5.888608,5.888565,5.888523,5.888483,5.888444,5.888406,5.888369,5.888333,5.888299,5.888265,5.888232,5.888201,5.888170,5.888140],"ix":[4.385333,4.372573,4.390605,4.386465,4.387362,4.387114,4.387127,4.387080,4.387047,4.387011,4.386976,4.386942,4.386908,4.386875,4.386842,4.386809,4.386778,4.386746,4.386716,4.386686,4.386657,4.386628,4.386600,4.386572,4.386545,4.386519,4.386493,4.386468,4.386444,4.386420],"iz":[3.000000,3.099995,3.000798,3.000865,3.000843,3.000840,3.000831,3.000824,3.000815,3.000806,3.000797,3.000788,3.000778,3.000768,3.000757,3.000747,3.000736,3.000726,3.000715,3.000704,3.000693,3.000682,3.000671,3.000660,3.000649,3.000638,3.000628,3.000617,3.000606,3.000596],"kn":[90.566667,90.549855,90.557930,90.559979,90.563057,90.565586,90.567949,90.570082,90.572020,90.573774,90.575361,90.576792,90.578079,90.579235,90.580269,90.581191,90.582010,90.582733,90.583369,90.583925,90.584406,90.584819,90.585169,90.585462,90.585702,90.585893,90.586041,90.586147,90.586216,90.586252],"kx":[67.466667,67.454095,67.460093,67.461629,67.463950,67.465879,67.467696,67.469351,67.470867,67.472251,67.473512,67.474659,67.475698,67.476638,67.477486,67.478247,67.478928,67.479535,67.480073,67.480548,67.480963,67.481323,67.481632,67.481894,67.482113,67.482292,67.482435,67.482543,67.482620,67.482669],"L_n":[22.230000,22.237696,22.230363,22.230289,22.230203,22.230140,22.230081,22.230029,22.229983,22.229942,22.229906,22.229874,22.229845,22.229820,22.229798,22.229779,22.229762,22.229747,22.229734,22.229723,22.229714,22.229706,22.229699,22.229694,22.229690,22.229686,22.229684,22.229682,22.229681,22.229681],"L_x":[30.360000,30.352304,30.359637,30.359711,30.359797,30.359860,30.359919,30.359971,30.360017,30.360058,30.360094,30.360126,30.360155,30.360180,30.360202,30.360221,30.360238,30.360253,30.360266,30.360277,30.360286,30.360294,30.360301,30.360306,30.360310,30.360314,30.360316,30.360318,30.360319,30.360319],"oilr":[0.000000,0.000000,0.000000,0.000000,0.000000,0.000000,0.000000,0.000000,0.000000,0.000000,0.000000,0.000000,0.000000,0.000000,0.000000,0.000000,0.000000,0.000000,0.000000,0.000000,0.000000,0.000000,0.000000,0.000000,0.000000,0.000000,0.000000,0.000000,0.000000,0.000000],"p":[1.000000,1.000127,1.000018,1.000011,1.000008,1.000005,1.000002,1.000000,0.999998,0.999996,0.999994,0.999993,0.999991,0.999990,0.999989,0.999988,0.999988,0.999987,0.999986,0.999986,0.999986,0.999985,0.999985,0.999985,0.999985,0.999984,0.999984,0.999984,0.999984,0.999984],"pk":[2.000000,2.000292,2.000041,2.000025,2.000018,2.000011,2.000005,1.999999,1.999995,1.999990,1.999986,1.999983,1.999980,1.999977,1.999975,1.999973,1.999971,1.999970,1.999969,1.999968,1.999967,1.999966,1.999965,1.999965,1.999964,1.999964,1.999964,1.999964,1.999964,1.999964],"pn":[1.000000,1.000292,1.000041,1.000025,1.000018,1.000011,1.000005,0.999999,0.999995,0.999990,0.999986,0.999983,0.999980,0.999977,0.999975,0.999973,0.999971,0.999970,0.999969,0.999968,0.999967,0.999966,0.999965,0.999965,0.999964,0.999964,0.999964,0.999964,0.999964,0.999964],"pz":[2.000000,2.000292,2.000041,2.000025,2.000018,2.000011,2.000005,1.999999,1.999995,1.999990,1.999986,1.999983,1.999980,1.999977,1.999975,1.999973,1.999971,1.999970,1.999969,1.999968,1.999967,1.999966,1.999965,1.999965,1.999964,1.999964,1.999964,1.999964,1.999964,1.999964],"px":[1.000000,1.000000,1.000000,1.000000,1.000000,1.000000,1.000000,1.000000,1.000000,1.000000,1.000000,1.000000,1.000000,1.000000,1.000000,1.000000,1.000000,1.000000,1.000000,1.000000,1.000000,1.000000,1.000000,1.000000,1.000000,1.000000,1.000000,1.000000,1.000000,1.000000],"pm":[1.000000,1.000000,1.000000,1.000000,1.000000,1.000000,1.000000,1.000000,1.000000,1.000000,1.000000,1.000000,1.000000,1.000000,1.000000,1.000000,1.000000,1.000000,1.000000,1.000000,1.000000,1.000000,1.000000,1.000000,1.000000,1.000000,1.000000,1.000000,1.000000,1.000000],"pmm":[1.000000,1.000000,1.000000,1.000000,1.000000,1.000000,1.000000,1.000000,1.000000,1.000000,1.000000,1.000000,1.000000,1.000000,1.000000,1.000000,1.000000,1.000000,1.000000,1.000000,1.000000,1.000000,1.000000,1.000000,1.000000,1.000000,1.000000,1.000000,1.000000,1.000000],"qn":[49.400000,49.407695,49.412822,49.414191,49.413814,49.413823,49.413725,49.413634,49.413526,49.413408,49.413280,49.413144,49.413000,49.412850,49.412694,49.412533,49.412369,49.412200,49.412029,49.411856,49.411680,49.411503,49.411326,49.411147,49.410968,49.410790,49.410611,49.410433,49.410256,49.410080],"qx":[50.600000,50.592303,50.613794,50.614664,50.614283,50.614170,50.613990,50.613820,50.613644,50.613465,50.613284,50.613101,50.612915,50.612729,50.612541,50.612352,50.612162,50.611973,50.611783,50.611593,50.611404,50.611216,50.611028,50.610841,50.610656,50.610471,50.610288,50.610107,50.609927,50.609750],"r":[0.100000,0.102356,0.099472,0.100129,0.099978,0.100010,0.100001,0.100002,0.100001,0.100000,0.099999,0.099998,0.099997,0.099997,0.099996,0.099995,0.099995,0.099995,0.099994,0.099994,0.099993,0.099993,0.099993,0.099993,0.099993,0.099992,0.099992,0.099992,0.099992,0.099992],