{"b":[20.000000,19.999826,19.997312,19.997098,19.997178,19.997193,19.997225,19.997254,19.997286,19.997318,19.997351,19.997385,19.997420,19.997455,19.997491,19.997527,19.997563,19.997600,19.997637,19.997674,19.997711,19.997748,19.997785,19.997822,19.997858,19.997895,19.997931,19.997967,19.998003,19.998038],"bstar":[0.000000,0.001014,-0.000243,0.000057,-0.000012,0.000003,-0.000001,-0.000000,-0.000001,-0.000001,-0.000001,-0.000002,-0.000002,-0.000002,-0.000002,-0.000002,-0.000003,-0.000003,-0.000003,-0.000003,-0.000003,-0.000003,-0.000003,-0.000003,-0.000003,-0.000004,-0.000004,-0.000004,-0.000004,-0.000004],"cad":[0.738916,0.739877,0.737568,0.739102,0.738741,0.738826,0.738809,0.738815,0.738816,0.738818,0.738820,0.738822,0.738824,0.738826,0.738827,0.738829,0.738831,0.738832,0.738834,0.738835,0.738837,0.738838,0.738840,0.738841,0.738843,0.738844,0.738846,0.738847,0.738848,0.738850],"d":[50.000000,49.996397,49.992833,49.992475,49.992746,49.992862,49.993008,49.993142,49.993273,49.993401,49.993526,49.993647,49.993766,49.993883,49.993997,49.994109,49.994219,49.994327,49.994433,49.994537,49.994640,49.994741,49.994840,49.994937,49.995033,49.995127,49.995220,49.995311,49.995401,49.995489],"dc":[0.000000,0.000000,0.000000,0.000000,0.000000,0.000000,0.000000,0.000000,0.000000,0.000000,0.000000,0.000000,0.000000,0.000000,0.000000,0.000000,0.000000,0.000000,0.000000,0.000000,0.000000,0.000000,0.000000,0.000000,0.000000,0.000000,0.000000,0.000000,0.000000,0.000000],"grants":[5.000000,5.000000,5.000000,5.000000,5.000000,5.000000,5.000000,5.000000,5.000000,5.000000,5.000000,5.000000,5.000000,5.000000,5.000000,5.000000,5.000000,5.000000,5.000000,5.000000,5.000000,5.000000,5.000000,5.000000,5.000000,5.000000,5.000000,5.000000,5.000000,5.000000],"iz":[6.000000,6.100432,6.000860,6.000903,6.000871,6.000857,6.000839,6.000823,6.000807,6.000792,6.000777,6.000762,6.000748,6.000734,6.000720,6.000707,6.000694,6.000681,6.000668,6.000656,6.000643,6.000631,6.000619,6.000608,6.000596,6.000585,6.000574,6.000563,6.000552,6.000541],"oilr":[0.000000,0.000000,0.000000,0.000000,0.000000,0.000000,0.000000,0.000000,0.000000,0.000000,0.000000,0.000000,0.000000,0.000000,0.000000,0.000000,0.000000,0.000000,0.000000,0.000000,0.000000,0.000000,0.000000,0.000000,0.000000,0.000000,0.000000,0.000000,0.000000,0.000000],"pfd":[-0.935961,-0.935999,-0.959025,-0.930632,-0.937100,-0.935611,-0.935933,-0.935845,-0.935852,-0.935839,-0.935831,-0.935823,-0.935817,-0.935811,-0.935805,-0.935801,-0.935797,-0.935794,-0.935791,-0.935788,-0.935787,-0.935785,-0.935784,-0.935783,-0.935783,-0.935783,-0.935783,-0.935783,-0.935784,-0.935784],"totaldebt":[70.000000,69.996223,69.990145,69.989573,69.989924,69.990055,69.990233,69.990396,69.990559,69.990719,69.990877,69.991032,69.991186,69.991338,69.991488,69.991636,69.991783,69.991927,69.992070,69.992211,69.992351,69.992489,69.992625,69.992759,69.992891,69.993022,69.993151,69.993279,69.993404,69.993528],"p":[100.000000,100.006334,100.000896,100.000543,100.000400,100.000241,100.000108,99.999987,99.999881,99.999787,99.999704,99.999630,99.999566,99.999509,99.999460,99.999416,99.999379,99.999347,99.999319,99.999295,99.999275,99.999259,99.999245,99.999235,99.999226,99.999220,99.999216,99.999213,99.999212,99.999213],"pk":[200.000000,200.014587,200.002064,200.001251,200.000921,200.000556,200.000248,199.999971,199.999726,199.999509,199.999318,199.999149,199.999000,199.998870,199.998756,199.998656,199.998570,199.998495,199.998432,199.998377,199.998331,199.998293,199.998262,199.998237,199.998218,199.998204,199.998194,199.998188,199.998186,199.998187],"pn":[100.000000,100.014587,100.002064,100.001251,100.000921,100.000556,100.000248,99.999971,99.999726,99.999509,99.999318,99.999149,99.999000,99.998870,99.998756,99.998656,99.998570,99.998495,99.998432,99.998377,99.998331,99.998293,99.998262,99.998237,99.998218,99.998204,99.998194,99.998188,99.998186,99.998187],"pz":[200.000000,200.014587,200.002064,200.001251,200.000921,200.000556,200.000248,199.999971,199.999726,199.999509,199.999318,199.999149,199.999000,199.998870,199.998756,199.998656,199.998570,199.998495,199.998432,199.998377,199.998331,199.998293,199.998262,199.998237,199.998218,199.998204,199.998194,199.998188,199.998186,199.998187],"px":[100.000000,100.000000,100.000000,100.000000,100.000000,100.000000,100.000000,100.000000,100.000000,100.000000,100.000000,100.000000,100.000000,100.000000,100.000000,100.000000,100.000000,100.000000,100.000000,100.000000,100.000000,100.000000,100.000000,100.000000,100.000000,100.000000,100.000000,100.000000,100.000000,100.000000],"pm":[100.000000,100.000000,100.000000,100.000000,100.000000,100.000000,100.000000,100.000000,100.000000,100.000000,100.000000,100.000000,100.000000,100.000000,100.000000,100.000000,100.000000,100.000000,100.000000,100.000000,100.000000,100.000000,100.000000,100.000000,100.000000,100.000000,100.000000,100.000000,100.000000,100.000000],"pmm":[100.000000,100.000000,100.000000,100.000000,100.000000,100.000000,100.000000,100.000000,100.000000,100.000000,100.000000,100.000000,100.000000,100.000000,100.000000,100.000000,100.000000,100.000000,100.000000,100.000000,100.000000,100.000000,100.000000,100.000000,100.000000,100.000000,100.000000,100.000000,100.000000,100.000000],"tot":[100.000000,100.000000,100.000000,100.000000,100.000000,100.000000,100.000000,100.000000,100.000000,100.000000,100.000000,100.000000,100.000000,100.000000,100.000000,100.000000,100.000000,100.000000,100.000000,100.000000,100.000000,100.000000,100.000000,100.000000,100.000000,100.000000,100.000000,100.000000,100.000000,100.000000],"totmm":[100.000000,100.000000,100.000000,100.000000,100.000000,100.000000,100.000000,100.000000,100.000000,100.000000,100.000000,100.000000,100.000000,100.000000,100.000000,100.000000,100.000000,100.000000,100.000000,100.000000,100.000000,100.000000,100.000000,100.000000,100.000000,100.000000,100.000000,100.000000,100.000000,100.000000],"ynom":[100.000000,100.007206,100.014337,100.015053,100.014511,100.014278,100.013986,100.013719,100.013455,100.013200,100.012950,100.012707,100.012469,100.012236,100.012007,100.011783,100.011563,100.011347,100.011135,100.010927,100.010722,100.010520,100.010322,100.010127,100.009935,100.009746,100.009561,100.009378,100.009199,100.009022],"growth":[1.500000,1.500184,1.526444,1.502241,1.499241,1.499896,1.499722,1.499740,1.499716,1.499704,1.499691,1.499680,1.499671,1.499663,1.499656,1.499651,1.499646,1.499642,1.499639,1.499637,1.499635,1.499635,1.499634,1.499635,1.499636,1.499637,1.499638,1.499641,1.499643,1.499646],"h":[15.000000,15.065960,15.013067,14.994958,14.999155,14.998256,14.998514,14.998506,14.998557,14.998592,14.998629,14.998664,14.998698,14.998730,14.998762,14.998792,14.998821,14.998850,14.998877,14.998904,14.998930,14.998955,14.998979,14.999002,14.999025,14.999047,14.999069,14.999090,14.999111,14.999130],"r":[10.000000,10.117672,9.973620,10.006441,9.998883,10.000518,10.000068,10.000099,10.000026,9.999983,9.999938,9.999898,9.999862,9.999829,9.999799,9.999772,9.999747,9.999725,9.999705,9.999688,9.999672,9.999658,9.999646,9.999635,9.999626,9.999618,9.999611,9.999606,9.999601,9.999598],"rstar":[10.000000,10.000000,10.000000,10.000000,10.000000,10.000000,10.000000,10.000000,10.000000,10.000000,10.000000,10.000000,10.000000,10.000000,10.000000,10.000000,10.000000,10.000000,10.000000,10.000000,10.000000,10.000000,10.000000,10.000000,10.000000,10.000000,10.000000,10.000000,10.000000,10.000000],"r_dc":[6.000000,6.000000,6.000000,6.000000,6.000000,6.000000,6.000000,6.000000,6.000000,6.000000,6.000000,6.000000,6.000000,6.000000,6.000000,6.000000,6.000000,6.000000,6.000000,6.000000,6.000000,6.000000,6.000000,6.000000,6.000000,6.000000,6.000000,6.000000,6.000000,6.000000],"c":[0.000000,-0.069709,0.001906,0.016229,0.012488,0.012922,0.012431,0.012172,0.011879,0.011612,0.011353,0.011107,0.010870,0.010641,0.010421,0.010207,0.010000,0.009800,0.009604,0.009414,0.009228,0.009047,0.008870,0.008697,0.008527,0.008361,0.008199,0.008039,0.007883,0.007729],