{
"qx" : [50.600000,50.600000,50.600000,50.600000,50.600000,50.600000,50.600000,50.600000,50.600000,50.600000,50.600000,50.600000,50.600000,50.600000,50.600000,50.600000,50.600000,50.600000,50.600000,50.600000,50.600000,50.600000,50.600000,50.600000,50.600000,50.600000,50.600000,50.600000,50.600000,50.600000],
"qn" : [49.400000,49.400000,49.400000,49.400000,49.400000,49.400000,49.400000,49.400000,49.400000,49.400000,49.400000,49.400000,49.400000,49.400000,49.400000,49.400000,49.400000,49.400000,49.400000,49.400000,49.400000,49.400000,49.400000,49.400000,49.400000,49.400000,49.400000,49.400000,49.400000,49.400000],
"ynom" : [100.000000,100.000000,100.000000,100.000000,100.000000,100.000000,100.000000,100.000000,100.000000,100.000000,100.000000,100.000000,100.000000,100.000000,100.000000,100.000000,100.000000,100.000000,100.000000,100.000000,100.000000,100.000000,100.000000,100.000000,100.000000,100.000000,100.000000,100.000000,100.000000,100.000000],
"growth_plot" : [0.015000,0.015000,0.015000,0.015000,0.015000,0.015000,0.015000,0.015000,0.015000,0.015000,0.015000,0.015000,0.015000,0.015000,0.015000,0.015000,0.015000,0.015000,0.015000,0.015000,0.015000,0.015000,0.015000,0.015000,0.015000,0.015000,0.015000,0.015000,0.015000,0.015000],
"kx" : [67.466667,67.466667,67.466667,67.466667,67.466667,67.466667,67.466667,67.466667,67.466667,67.466667,67.466667,67.466667,67.466667,67.466667,67.466667,67.466667,67.466667,67.466667,67.466667,67.466667,67.466667,67.466667,67.466667,67.466667,67.466667,67.466667,67.466667,67.466667,67.466667,67.466667],
"kn" : [90.566667,90.566667,90.566667,90.566667,90.566667,90.566667,90.566667,90.566667,90.566667,90.566667,90.566667,90.566667,90.566667,90.566667,90.566667,90.566667,90.566667,90.566667,90.566667,90.566667,90.566667,90.566667,90.566667,90.566667,90.566667,90.566667,90.566667,90.566667,90.566667,90.566667],
"L_x" : [30.360000,30.360000,30.360000,30.360000,30.360000,30.360000,30.360000,30.360000,30.360000,30.360000,30.360000,30.360000,30.360000,30.360000,30.360000,30.360000,30.360000,30.360000,30.360000,30.360000,30.360000,30.360000,30.360000,30.360000,30.360000,30.360000,30.360000,30.360000,30.360000,30.360000],
"L_n" : [22.230000,22.230000,22.230000,22.230000,22.230000,22.230000,22.230000,22.230000,22.230000,22.230000,22.230000,22.230000,22.230000,22.230000,22.230000,22.230000,22.230000,22.230000,22.230000,22.230000,22.230000,22.230000,22.230000,22.230000,22.230000,22.230000,22.230000,22.230000,22.230000,22.230000],
"ix" : [4.385333,4.385333,4.385333,4.385333,4.385333,4.385333,4.385333,4.385333,4.385333,4.385333,4.385333,4.385333,4.385333,4.385333,4.385333,4.385333,4.385333,4.385333,4.385333,4.385333,4.385333,4.385333,4.385333,4.385333,4.385333,4.385333,4.385333,4.385333,4.385333,4.385333],
"in" : [5.886833,5.886833,5.886833,5.886833,5.886833,5.886833,5.886833,5.886833,5.886833,5.886833,5.886833,5.886833,5.886833,5.886833,5.886833,5.886833,5.886833,5.886833,5.886833,5.886833,5.886833,5.886833,5.886833,5.886833,5.886833,5.886833,5.886833,5.886833,5.886833,5.886833],
"rx" : [0.300000,0.300000,0.300000,0.300000,0.300000,0.300000,0.300000,0.300000,0.300000,0.300000,0.300000,0.300000,0.300000,0.300000,0.300000,0.300000,0.300000,0.300000,0.300000,0.300000,0.300000,0.300000,0.300000,0.300000,0.300000,0.300000,0.300000,0.300000,0.300000,0.300000],
"rn" : [0.300000,0.300000,0.300000,0.300000,0.300000,0.300000,0.300000,0.300000,0.300000,0.300000,0.300000,0.300000,0.300000,0.300000,0.300000,0.300000,0.300000,0.300000,0.300000,0.300000,0.300000,0.300000,0.300000,0.300000,0.300000,0.300000,0.300000,0.300000,0.300000,0.300000],
"w" : [1.000000,1.000000,1.000000,1.000000,1.000000,1.000000,1.000000,1.000000,1.000000,1.000000,1.000000,1.000000,1.000000,1.000000,1.000000,1.000000,1.000000,1.000000,1.000000,1.000000,1.000000,1.000000,1.000000,1.000000,1.000000,1.000000,1.000000,1.000000,1.000000,1.000000],
"pk" : [2.000000,2.000000,2.000000,2.000000,2.000000,2.000000,2.000000,2.000000,2.000000,2.000000,2.000000,2.000000,2.000000,2.000000,2.000000,2.000000,2.000000,2.000000,2.000000,2.000000,2.000000,2.000000,2.000000,2.000000,2.000000,2.000000,2.000000,2.000000,2.000000,2.000000],
"pz" : [2.000000,2.000000,2.000000,2.000000,2.000000,2.000000,2.000000,2.000000,2.000000,2.000000,2.000000,2.000000,2.000000,2.000000,2.000000,2.000000,2.000000,2.000000,2.000000,2.000000,2.000000,2.000000,2.000000,2.000000,2.000000,2.000000,2.000000,2.000000,2.000000,2.000000],
"pn" : [1.000000,1.000000,1.000000,1.000000,1.000000,1.000000,1.000000,1.000000,1.000000,1.000000,1.000000,1.000000,1.000000,1.000000,1.000000,1.000000,1.000000,1.000000,1.000000,1.000000,1.000000,1.000000,1.000000,1.000000,1.000000,1.000000,1.000000,1.000000,1.000000,1.000000],
"p" : [1.000000,1.000000,1.000000,1.000000,1.000000,1.000000,1.000000,1.000000,1.000000,1.000000,1.000000,1.000000,1.000000,1.000000,1.000000,1.000000,1.000000,1.000000,1.000000,1.000000,1.000000,1.000000,1.000000,1.000000,1.000000,1.000000,1.000000,1.000000,1.000000,1.000000],
"h" : [0.150000,0.150000,0.150000,0.150000,0.150000,0.150000,0.150000,0.150000,0.150000,0.150000,0.150000,0.150000,0.150000,0.150000,0.150000,0.150000,0.150000,0.150000,0.150000,0.150000,0.150000,0.150000,0.150000,0.150000,0.150000,0.150000,0.150000,0.150000,0.150000,0.150000],
"T" : [11.927842,11.927842,11.927842,11.927842,11.927842,11.927842,11.927842,11.927842,11.927842,11.927842,11.927842,11.927842,11.927842,11.927842,11.927842,11.927842,11.927842,11.927842,11.927842,11.927842,11.927842,11.927842,11.927842,11.927842,11.927842,11.927842,11.927842,11.927842,11.927842,11.927842],
"z" : [46.153846,46.153846,46.153846,46.153846,46.153846,46.153846,46.153846,46.153846,46.153846,46.153846,46.153846,46.153846,46.153846,46.153846,46.153846,46.153846,46.153846,46.153846,46.153846,46.153846,46.153846,46.153846,46.153846,46.153846,46.153846,46.153846,46.153846,46.153846,46.153846,46.153846],
"ze" : [27.692308,27.692308,27.692308,27.692308,27.692308,27.692308,27.692308,27.692308,27.692308,27.692308,27.692308,27.692308,27.692308,27.692308,27.692308,27.692308,27.692308,27.692308,27.692308,27.692308,27.692308,27.692308,27.692308,27.692308,27.692308,27.692308,27.692308,27.692308,27.692308,27.692308],
"iz" : [3.000000,3.000000,3.000000,3.000000,3.000000,3.000000,3.000000,3.000000,3.000000,3.000000,3.000000,3.000000,3.000000,3.000000,3.000000,3.000000,3.000000,3.000000,3.000000,3.000000,3.000000,3.000000,3.000000,3.000000,3.000000,3.000000,3.000000,3.000000,3.000000,3.000000],
"Rz" : [0.300000,0.300000,0.300000,0.300000,0.300000,0.300000,0.300000,0.300000,0.300000,0.300000,0.300000,0.300000,0.300000,0.300000,0.300000,0.300000,0.300000,0.300000,0.300000,0.300000,0.300000,0.300000,0.300000,0.300000,0.300000,0.300000,0.300000,0.300000,0.300000,0.300000],
"GAP" : [0.000000,0.000000,0.000000,0.000000,0.000000,0.000000,0.000000,0.000000,0.000000,0.000000,0.000000,0.000000,0.000000,0.000000,0.000000,0.000000,0.000000,0.000000,0.000000,0.000000,0.000000,0.000000,0.000000,0.000000,0.000000,0.000000,0.000000,0.000000,0.000000,0.000000],
"bstar" : [0.000000,0.000000,0.000000,0.000000,0.000000,0.000000,0.000000,0.000000,0.000000,0.000000,0.000000,0.000000,0.000000,0.000000,0.000000,0.000000,0.000000,0.000000,0.000000,0.000000,0.000000,0.000000,0.000000,0.000000,0.000000,0.000000,0.000000,0.000000,0.000000,0.000000],
"b" : [20.000000,20.000000,20.000000,20.000000,20.000000,20.000000,20.000000,20.000000,20.000000,20.000000,20.000000,20.000000,20.000000,20.000000,20.000000,20.000000,20.000000,20.000000,20.000000,20.000000,20.000000,20.000000,20.000000,20.000000,20.000000,20.000000,20.000000,20.000000,20.000000,20.000000],
"dc" : [0.000000,0.000000,0.000000,0.000000,0.000000,0.000000,0.000000,0.000000,0.000000,0.000000,0.000000,0.000000,0.000000,0.000000,0.000000,0.000000,0.000000,0.000000,0.000000,0.000000,0.000000,0.000000,0.000000,0.000000,0.000000,0.000000,0.000000,0.000000,0.000000,0.000000],